﻿Installation,ID client,Date,Courbe de charge (kWh)
ATN,,2023-06-01 00:00:00,0.00
ATN,,2023-06-01 01:00:00,0.00
ATN,,2023-06-01 02:00:00,0.00
ATN,,2023-06-01 03:00:00,0.00
ATN,,2023-06-01 04:00:00,0.00
ATN,,2023-06-01 05:00:00,0.00
ATN,,2023-06-01 06:00:00,8.25
ATN,,2023-06-01 07:00:00,88.17
ATN,,2023-06-01 08:00:00,399.83
ATN,,2023-06-01 09:00:00,752.50
ATN,,2023-06-01 10:00:00,795.83
ATN,,2023-06-01 11:00:00,946.33
ATN,,2023-06-01 12:00:00,1042.75
ATN,,2023-06-01 13:00:00,1191.83
ATN,,2023-06-01 14:00:00,1581.67
ATN,,2023-06-01 15:00:00,1453.75
ATN,,2023-06-01 16:00:00,1065.75
ATN,,2023-06-01 17:00:00,1284.25
ATN,,2023-06-01 18:00:00,366.25
ATN,,2023-06-01 19:00:00,274.17
ATN,,2023-06-01 20:00:00,148.17
ATN,,2023-06-01 21:00:00,10.33
ATN,,2023-06-01 22:00:00,0.00
ATN,,2023-06-01 23:00:00,0.00
ATN,,2023-06-02 00:00:00,0.00
ATN,,2023-06-02 01:00:00,0.00
ATN,,2023-06-02 02:00:00,0.00
ATN,,2023-06-02 03:00:00,0.00
ATN,,2023-06-02 04:00:00,0.00
ATN,,2023-06-02 05:00:00,0.00
ATN,,2023-06-02 06:00:00,8.75
ATN,,2023-06-02 07:00:00,130.08
ATN,,2023-06-02 08:00:00,547.58
ATN,,2023-06-02 09:00:00,960.92
ATN,,2023-06-02 10:00:00,1296.33
ATN,,2023-06-02 11:00:00,1542.75
ATN,,2023-06-02 12:00:00,1691.42
ATN,,2023-06-02 13:00:00,1753.75
ATN,,2023-06-02 14:00:00,1703.08
ATN,,2023-06-02 15:00:00,1611.00
ATN,,2023-06-02 16:00:00,1437.25
ATN,,2023-06-02 17:00:00,1341.25
ATN,,2023-06-02 18:00:00,504.00
ATN,,2023-06-02 19:00:00,227.67
ATN,,2023-06-02 20:00:00,133.25
ATN,,2023-06-02 21:00:00,7.75
ATN,,2023-06-02 22:00:00,0.00
ATN,,2023-06-02 23:00:00,0.00
ATN,,2023-06-03 00:00:00,0.00
ATN,,2023-06-03 01:00:00,0.00
ATN,,2023-06-03 02:00:00,0.00
ATN,,2023-06-03 03:00:00,0.00
ATN,,2023-06-03 04:00:00,0.00
ATN,,2023-06-03 05:00:00,0.00
ATN,,2023-06-03 06:00:00,10.92
ATN,,2023-06-03 07:00:00,77.83
ATN,,2023-06-03 08:00:00,299.58
ATN,,2023-06-03 09:00:00,776.58
ATN,,2023-06-03 10:00:00,1250.17
ATN,,2023-06-03 11:00:00,1058.17
ATN,,2023-06-03 12:00:00,0.00
ATN,,2023-06-03 13:00:00,0.00
ATN,,2023-06-03 14:00:00,0.00
ATN,,2023-06-03 15:00:00,0.00
ATN,,2023-06-03 16:00:00,1406.17
ATN,,2023-06-03 17:00:00,1250.58
ATN,,2023-06-03 18:00:00,892.25
ATN,,2023-06-03 19:00:00,649.67
ATN,,2023-06-03 20:00:00,246.42
ATN,,2023-06-03 21:00:00,9.00
ATN,,2023-06-03 22:00:00,0.00
ATN,,2023-06-03 23:00:00,0.00
ATN,,2023-06-04 00:00:00,0.00
ATN,,2023-06-04 01:00:00,0.00
ATN,,2023-06-04 02:00:00,0.00
ATN,,2023-06-04 03:00:00,0.00
ATN,,2023-06-04 04:00:00,0.00
ATN,,2023-06-04 05:00:00,0.00
ATN,,2023-06-04 06:00:00,10.42
ATN,,2023-06-04 07:00:00,115.17
ATN,,2023-06-04 08:00:00,342.75
ATN,,2023-06-04 09:00:00,588.58
ATN,,2023-06-04 10:00:00,1099.58
ATN,,2023-06-04 11:00:00,1204.17
ATN,,2023-06-04 12:00:00,0.00
ATN,,2023-06-04 13:00:00,0.00
ATN,,2023-06-04 14:00:00,0.00
ATN,,2023-06-04 15:00:00,0.00
ATN,,2023-06-04 16:00:00,478.25
ATN,,2023-06-04 17:00:00,905.58
ATN,,2023-06-04 18:00:00,89.58
ATN,,2023-06-04 19:00:00,25.25
ATN,,2023-06-04 20:00:00,50.75
ATN,,2023-06-04 21:00:00,8.17
ATN,,2023-06-04 22:00:00,0.00
ATN,,2023-06-04 23:00:00,0.00
ATN,,2023-06-05 00:00:00,0.00
ATN,,2023-06-05 01:00:00,0.00
ATN,,2023-06-05 02:00:00,0.00
ATN,,2023-06-05 03:00:00,0.00
ATN,,2023-06-05 04:00:00,0.00
ATN,,2023-06-05 05:00:00,0.00
ATN,,2023-06-05 06:00:00,3.33
ATN,,2023-06-05 07:00:00,129.42
ATN,,2023-06-05 08:00:00,304.58
ATN,,2023-06-05 09:00:00,971.42
ATN,,2023-06-05 10:00:00,968.67
ATN,,2023-06-05 11:00:00,1319.42
ATN,,2023-06-05 12:00:00,1518.83
ATN,,2023-06-05 13:00:00,1642.83
ATN,,2023-06-05 14:00:00,1628.17
ATN,,2023-06-05 15:00:00,1738.75
ATN,,2023-06-05 16:00:00,946.58
ATN,,2023-06-05 17:00:00,492.00
ATN,,2023-06-05 18:00:00,591.25
ATN,,2023-06-05 19:00:00,168.25
ATN,,2023-06-05 20:00:00,161.00
ATN,,2023-06-05 21:00:00,25.00
ATN,,2023-06-05 22:00:00,0.00
ATN,,2023-06-05 23:00:00,0.00
ATN,,2023-06-06 00:00:00,0.00
ATN,,2023-06-06 01:00:00,0.00
ATN,,2023-06-06 02:00:00,0.00
ATN,,2023-06-06 03:00:00,0.00
ATN,,2023-06-06 04:00:00,0.00
ATN,,2023-06-06 05:00:00,0.00
ATN,,2023-06-06 06:00:00,15.75
ATN,,2023-06-06 07:00:00,146.33
ATN,,2023-06-06 08:00:00,430.00
ATN,,2023-06-06 09:00:00,670.25
ATN,,2023-06-06 10:00:00,1283.75
ATN,,2023-06-06 11:00:00,1483.83
ATN,,2023-06-06 12:00:00,1587.08
ATN,,2023-06-06 13:00:00,1674.33
ATN,,2023-06-06 14:00:00,691.92
ATN,,2023-06-06 15:00:00,122.67
ATN,,2023-06-06 16:00:00,80.33
ATN,,2023-06-06 17:00:00,240.25
ATN,,2023-06-06 18:00:00,524.25
ATN,,2023-06-06 19:00:00,356.08
ATN,,2023-06-06 20:00:00,293.58
ATN,,2023-06-06 21:00:00,15.92
ATN,,2023-06-06 22:00:00,0.00
ATN,,2023-06-06 23:00:00,0.00
ATN,,2023-06-07 00:00:00,0.00
ATN,,2023-06-07 01:00:00,0.00
ATN,,2023-06-07 02:00:00,0.00
ATN,,2023-06-07 03:00:00,0.00
ATN,,2023-06-07 04:00:00,0.00
ATN,,2023-06-07 05:00:00,0.00
ATN,,2023-06-07 06:00:00,16.08
ATN,,2023-06-07 07:00:00,228.08
ATN,,2023-06-07 08:00:00,586.58
ATN,,2023-06-07 09:00:00,941.42
ATN,,2023-06-07 10:00:00,1236.75
ATN,,2023-06-07 11:00:00,1509.08
ATN,,2023-06-07 12:00:00,1694.42
ATN,,2023-06-07 13:00:00,1684.67
ATN,,2023-06-07 14:00:00,1597.17
ATN,,2023-06-07 15:00:00,1301.00
ATN,,2023-06-07 16:00:00,959.08
ATN,,2023-06-07 17:00:00,667.67
ATN,,2023-06-07 18:00:00,515.33
ATN,,2023-06-07 19:00:00,319.67
ATN,,2023-06-07 20:00:00,144.75
ATN,,2023-06-07 21:00:00,24.75
ATN,,2023-06-07 22:00:00,0.00
ATN,,2023-06-07 23:00:00,0.00
ATN,,2023-06-08 00:00:00,0.00
ATN,,2023-06-08 01:00:00,0.00
ATN,,2023-06-08 02:00:00,0.00
ATN,,2023-06-08 03:00:00,0.00
ATN,,2023-06-08 04:00:00,0.00
ATN,,2023-06-08 05:00:00,0.00
ATN,,2023-06-08 06:00:00,18.33
ATN,,2023-06-08 07:00:00,127.08
ATN,,2023-06-08 08:00:00,537.42
ATN,,2023-06-08 09:00:00,958.08
ATN,,2023-06-08 10:00:00,1310.42
ATN,,2023-06-08 11:00:00,1499.67
ATN,,2023-06-08 12:00:00,1602.00
ATN,,2023-06-08 13:00:00,1228.25
ATN,,2023-06-08 14:00:00,1062.50
ATN,,2023-06-08 15:00:00,971.42
ATN,,2023-06-08 16:00:00,696.17
ATN,,2023-06-08 17:00:00,881.33
ATN,,2023-06-08 18:00:00,610.08
ATN,,2023-06-08 19:00:00,425.67
ATN,,2023-06-08 20:00:00,174.67
ATN,,2023-06-08 21:00:00,25.08
ATN,,2023-06-08 22:00:00,0.00
ATN,,2023-06-08 23:00:00,0.00
ATN,,2023-06-09 00:00:00,0.00
ATN,,2023-06-09 01:00:00,0.00
ATN,,2023-06-09 02:00:00,0.00
ATN,,2023-06-09 03:00:00,0.00
ATN,,2023-06-09 04:00:00,0.00
ATN,,2023-06-09 05:00:00,0.00
ATN,,2023-06-09 06:00:00,6.92
ATN,,2023-06-09 07:00:00,115.58
ATN,,2023-06-09 08:00:00,219.25
ATN,,2023-06-09 09:00:00,357.58
ATN,,2023-06-09 10:00:00,90.58
ATN,,2023-06-09 11:00:00,77.33
ATN,,2023-06-09 12:00:00,400.75
ATN,,2023-06-09 13:00:00,436.42
ATN,,2023-06-09 14:00:00,1155.58
ATN,,2023-06-09 15:00:00,1685.42
ATN,,2023-06-09 16:00:00,1375.67
ATN,,2023-06-09 17:00:00,774.17
ATN,,2023-06-09 18:00:00,136.75
ATN,,2023-06-09 19:00:00,482.75
ATN,,2023-06-09 20:00:00,204.83
ATN,,2023-06-09 21:00:00,21.83
ATN,,2023-06-09 22:00:00,0.00
ATN,,2023-06-09 23:00:00,0.00
ATN,,2023-06-10 00:00:00,0.00
ATN,,2023-06-10 01:00:00,0.00
ATN,,2023-06-10 02:00:00,0.00
ATN,,2023-06-10 03:00:00,0.00
ATN,,2023-06-10 04:00:00,0.00
ATN,,2023-06-10 05:00:00,0.00
ATN,,2023-06-10 06:00:00,2.17
ATN,,2023-06-10 07:00:00,35.92
ATN,,2023-06-10 08:00:00,201.92
ATN,,2023-06-10 09:00:00,666.00
ATN,,2023-06-10 10:00:00,1130.08
ATN,,2023-06-10 11:00:00,1317.08
ATN,,2023-06-10 12:00:00,1734.33
ATN,,2023-06-10 13:00:00,1795.42
ATN,,2023-06-10 14:00:00,1764.25
ATN,,2023-06-10 15:00:00,1541.50
ATN,,2023-06-10 16:00:00,1574.92
ATN,,2023-06-10 17:00:00,822.42
ATN,,2023-06-10 18:00:00,815.17
ATN,,2023-06-10 19:00:00,558.08
ATN,,2023-06-10 20:00:00,266.92
ATN,,2023-06-10 21:00:00,35.50
ATN,,2023-06-10 22:00:00,0.00
ATN,,2023-06-10 23:00:00,0.00
ATN,,2023-06-11 00:00:00,0.00
ATN,,2023-06-11 01:00:00,0.00
ATN,,2023-06-11 02:00:00,0.00
ATN,,2023-06-11 03:00:00,0.00
ATN,,2023-06-11 04:00:00,0.00
ATN,,2023-06-11 05:00:00,0.00
ATN,,2023-06-11 06:00:00,19.42
ATN,,2023-06-11 07:00:00,180.25
ATN,,2023-06-11 08:00:00,654.92
ATN,,2023-06-11 09:00:00,742.42
ATN,,2023-06-11 10:00:00,1260.75
ATN,,2023-06-11 11:00:00,1584.75
ATN,,2023-06-11 12:00:00,1274.25
ATN,,2023-06-11 13:00:00,0.00
ATN,,2023-06-11 14:00:00,0.00
ATN,,2023-06-11 15:00:00,0.00
ATN,,2023-06-11 16:00:00,0.00
ATN,,2023-06-11 17:00:00,315.92
ATN,,2023-06-11 18:00:00,335.25
ATN,,2023-06-11 19:00:00,704.33
ATN,,2023-06-11 20:00:00,130.17
ATN,,2023-06-11 21:00:00,13.08
ATN,,2023-06-11 22:00:00,0.00
ATN,,2023-06-11 23:00:00,0.00
ATN,,2023-06-12 00:00:00,0.00
ATN,,2023-06-12 01:00:00,0.00
ATN,,2023-06-12 02:00:00,0.00
ATN,,2023-06-12 03:00:00,0.00
ATN,,2023-06-12 04:00:00,0.00
ATN,,2023-06-12 05:00:00,0.00
ATN,,2023-06-12 06:00:00,38.83
ATN,,2023-06-12 07:00:00,191.33
ATN,,2023-06-12 08:00:00,375.83
ATN,,2023-06-12 09:00:00,888.42
ATN,,2023-06-12 10:00:00,1003.50
ATN,,2023-06-12 11:00:00,933.83
ATN,,2023-06-12 12:00:00,879.25
ATN,,2023-06-12 13:00:00,747.25
ATN,,2023-06-12 14:00:00,763.75
ATN,,2023-06-12 15:00:00,1490.75
ATN,,2023-06-12 16:00:00,1306.50
ATN,,2023-06-12 17:00:00,663.50
ATN,,2023-06-12 18:00:00,610.83
ATN,,2023-06-12 19:00:00,618.33
ATN,,2023-06-12 20:00:00,227.75
ATN,,2023-06-12 21:00:00,51.33
ATN,,2023-06-12 22:00:00,0.00
ATN,,2023-06-12 23:00:00,0.00
ATN,,2023-06-13 00:00:00,0.00
ATN,,2023-06-13 01:00:00,0.00
ATN,,2023-06-13 02:00:00,0.00
ATN,,2023-06-13 03:00:00,0.00
ATN,,2023-06-13 04:00:00,0.00
ATN,,2023-06-13 05:00:00,0.00
ATN,,2023-06-13 06:00:00,21.00
ATN,,2023-06-13 07:00:00,133.83
ATN,,2023-06-13 08:00:00,280.08
ATN,,2023-06-13 09:00:00,561.17
ATN,,2023-06-13 10:00:00,620.58
ATN,,2023-06-13 11:00:00,694.17
ATN,,2023-06-13 12:00:00,1103.25
ATN,,2023-06-13 13:00:00,1692.33
ATN,,2023-06-13 14:00:00,1094.42
ATN,,2023-06-13 15:00:00,1070.83
ATN,,2023-06-13 16:00:00,609.75
ATN,,2023-06-13 17:00:00,243.42
ATN,,2023-06-13 18:00:00,158.75
ATN,,2023-06-13 19:00:00,31.67
ATN,,2023-06-13 20:00:00,53.17
ATN,,2023-06-13 21:00:00,15.83
ATN,,2023-06-13 22:00:00,0.00
ATN,,2023-06-13 23:00:00,0.00
ATN,,2023-06-14 00:00:00,0.00
ATN,,2023-06-14 01:00:00,0.00
ATN,,2023-06-14 02:00:00,0.00
ATN,,2023-06-14 03:00:00,0.00
ATN,,2023-06-14 04:00:00,0.00
ATN,,2023-06-14 05:00:00,0.00
ATN,,2023-06-14 06:00:00,9.42
ATN,,2023-06-14 07:00:00,154.08
ATN,,2023-06-14 08:00:00,252.08
ATN,,2023-06-14 09:00:00,493.17
ATN,,2023-06-14 10:00:00,1246.08
ATN,,2023-06-14 11:00:00,1341.67
ATN,,2023-06-14 12:00:00,1717.50
ATN,,2023-06-14 13:00:00,1794.92
ATN,,2023-06-14 14:00:00,1714.00
ATN,,2023-06-14 15:00:00,1658.92
ATN,,2023-06-14 16:00:00,1538.75
ATN,,2023-06-14 17:00:00,1289.75
ATN,,2023-06-14 18:00:00,852.67
ATN,,2023-06-14 19:00:00,534.92
ATN,,2023-06-14 20:00:00,196.25
ATN,,2023-06-14 21:00:00,9.83
ATN,,2023-06-14 22:00:00,0.00
ATN,,2023-06-14 23:00:00,0.00
ATN,,2023-06-15 00:00:00,0.00
ATN,,2023-06-15 01:00:00,0.00
ATN,,2023-06-15 02:00:00,0.00
ATN,,2023-06-15 03:00:00,0.00
ATN,,2023-06-15 04:00:00,0.00
ATN,,2023-06-15 05:00:00,0.00
ATN,,2023-06-15 06:00:00,14.50
ATN,,2023-06-15 07:00:00,105.00
ATN,,2023-06-15 08:00:00,236.83
ATN,,2023-06-15 09:00:00,297.75
ATN,,2023-06-15 10:00:00,334.83
ATN,,2023-06-15 11:00:00,629.17
ATN,,2023-06-15 12:00:00,803.17
ATN,,2023-06-15 13:00:00,981.17
ATN,,2023-06-15 14:00:00,1198.42
ATN,,2023-06-15 15:00:00,1325.67
ATN,,2023-06-15 16:00:00,1394.17
ATN,,2023-06-15 17:00:00,1225.08
ATN,,2023-06-15 18:00:00,863.42
ATN,,2023-06-15 19:00:00,508.92
ATN,,2023-06-15 20:00:00,200.00
ATN,,2023-06-15 21:00:00,29.33
ATN,,2023-06-15 22:00:00,0.00
ATN,,2023-06-15 23:00:00,0.00
ATN,,2023-06-16 00:00:00,0.00
ATN,,2023-06-16 01:00:00,0.00
ATN,,2023-06-16 02:00:00,0.00
ATN,,2023-06-16 03:00:00,0.00
ATN,,2023-06-16 04:00:00,0.00
ATN,,2023-06-16 05:00:00,0.00
ATN,,2023-06-16 06:00:00,26.92
ATN,,2023-06-16 07:00:00,222.08
ATN,,2023-06-16 08:00:00,536.33
ATN,,2023-06-16 09:00:00,927.92
ATN,,2023-06-16 10:00:00,1292.50
ATN,,2023-06-16 11:00:00,1519.42
ATN,,2023-06-16 12:00:00,1693.83
ATN,,2023-06-16 13:00:00,1734.83
ATN,,2023-06-16 14:00:00,1705.92
ATN,,2023-06-16 15:00:00,1608.75
ATN,,2023-06-16 16:00:00,1472.75
ATN,,2023-06-16 17:00:00,1186.25
ATN,,2023-06-16 18:00:00,718.25
ATN,,2023-06-16 19:00:00,369.33
ATN,,2023-06-16 20:00:00,123.83
ATN,,2023-06-16 21:00:00,21.00
ATN,,2023-06-16 22:00:00,0.00
ATN,,2023-06-16 23:00:00,0.00
ATN,,2023-06-17 00:00:00,0.00
ATN,,2023-06-17 01:00:00,0.00
ATN,,2023-06-17 02:00:00,0.00
ATN,,2023-06-17 03:00:00,0.00
ATN,,2023-06-17 04:00:00,0.00
ATN,,2023-06-17 05:00:00,0.00
ATN,,2023-06-17 06:00:00,15.42
ATN,,2023-06-17 07:00:00,202.08
ATN,,2023-06-17 08:00:00,547.83
ATN,,2023-06-17 09:00:00,938.58
ATN,,2023-06-17 10:00:00,1275.17
ATN,,2023-06-17 11:00:00,1486.50
ATN,,2023-06-17 12:00:00,1683.00
ATN,,2023-06-17 13:00:00,1614.83
ATN,,2023-06-17 14:00:00,1594.58
ATN,,2023-06-17 15:00:00,1272.25
ATN,,2023-06-17 16:00:00,521.67
ATN,,2023-06-17 17:00:00,294.00
ATN,,2023-06-17 18:00:00,187.67
ATN,,2023-06-17 19:00:00,187.00
ATN,,2023-06-17 20:00:00,45.92
ATN,,2023-06-17 21:00:00,0.00
ATN,,2023-06-17 22:00:00,0.00
ATN,,2023-06-17 23:00:00,0.00
ATN,,2023-06-18 00:00:00,0.00
ATN,,2023-06-18 01:00:00,0.00
ATN,,2023-06-18 02:00:00,0.00
ATN,,2023-06-18 03:00:00,0.00
ATN,,2023-06-18 04:00:00,0.00
ATN,,2023-06-18 05:00:00,0.00
ATN,,2023-06-18 06:00:00,19.50
ATN,,2023-06-18 07:00:00,269.08
ATN,,2023-06-18 08:00:00,579.42
ATN,,2023-06-18 09:00:00,916.25
ATN,,2023-06-18 10:00:00,691.58
ATN,,2023-06-18 11:00:00,1008.75
ATN,,2023-06-18 12:00:00,1065.83
ATN,,2023-06-18 13:00:00,950.83
ATN,,2023-06-18 14:00:00,1379.42
ATN,,2023-06-18 15:00:00,1217.00
ATN,,2023-06-18 16:00:00,1290.33
ATN,,2023-06-18 17:00:00,1197.42
ATN,,2023-06-18 18:00:00,616.92
ATN,,2023-06-18 19:00:00,293.75
ATN,,2023-06-18 20:00:00,95.67
ATN,,2023-06-18 21:00:00,11.00
ATN,,2023-06-18 22:00:00,0.00
ATN,,2023-06-18 23:00:00,0.00
ATN,,2023-06-19 00:00:00,0.00
ATN,,2023-06-19 01:00:00,0.00
ATN,,2023-06-19 02:00:00,0.00
ATN,,2023-06-19 03:00:00,0.00
ATN,,2023-06-19 04:00:00,0.00
ATN,,2023-06-19 05:00:00,0.00
ATN,,2023-06-19 06:00:00,17.83
ATN,,2023-06-19 07:00:00,113.42
ATN,,2023-06-19 08:00:00,480.08
ATN,,2023-06-19 09:00:00,196.33
ATN,,2023-06-19 10:00:00,307.00
ATN,,2023-06-19 11:00:00,1263.67
ATN,,2023-06-19 12:00:00,1499.00
ATN,,2023-06-19 13:00:00,1329.83
ATN,,2023-06-19 14:00:00,1057.92
ATN,,2023-06-19 15:00:00,1092.58
ATN,,2023-06-19 16:00:00,1003.17
ATN,,2023-06-19 17:00:00,430.67
ATN,,2023-06-19 18:00:00,102.83
ATN,,2023-06-19 19:00:00,467.42
ATN,,2023-06-19 20:00:00,216.42
ATN,,2023-06-19 21:00:00,34.33
ATN,,2023-06-19 22:00:00,0.00
ATN,,2023-06-19 23:00:00,0.00
ATN,,2023-06-20 00:00:00,0.00
ATN,,2023-06-20 01:00:00,0.00
ATN,,2023-06-20 02:00:00,0.00
ATN,,2023-06-20 03:00:00,0.00
ATN,,2023-06-20 04:00:00,0.00
ATN,,2023-06-20 05:00:00,0.00
ATN,,2023-06-20 06:00:00,0.00
ATN,,2023-06-20 07:00:00,58.92
ATN,,2023-06-20 08:00:00,75.08
ATN,,2023-06-20 09:00:00,82.75
ATN,,2023-06-20 10:00:00,499.17
ATN,,2023-06-20 11:00:00,457.75
ATN,,2023-06-20 12:00:00,603.00
ATN,,2023-06-20 13:00:00,1159.75
ATN,,2023-06-20 14:00:00,1560.17
ATN,,2023-06-20 15:00:00,1234.58
ATN,,2023-06-20 16:00:00,782.08
ATN,,2023-06-20 17:00:00,315.08
ATN,,2023-06-20 18:00:00,9.08
ATN,,2023-06-20 19:00:00,15.83
ATN,,2023-06-20 20:00:00,91.25
ATN,,2023-06-20 21:00:00,19.50
ATN,,2023-06-20 22:00:00,0.00
ATN,,2023-06-20 23:00:00,0.00
ATN,,2023-06-21 00:00:00,0.00
ATN,,2023-06-21 01:00:00,0.00
ATN,,2023-06-21 02:00:00,0.00
ATN,,2023-06-21 03:00:00,0.00
ATN,,2023-06-21 04:00:00,0.00
ATN,,2023-06-21 05:00:00,0.00
ATN,,2023-06-21 06:00:00,7.25
ATN,,2023-06-21 07:00:00,98.83
ATN,,2023-06-21 08:00:00,125.67
ATN,,2023-06-21 09:00:00,612.17
ATN,,2023-06-21 10:00:00,272.17
ATN,,2023-06-21 11:00:00,112.17
ATN,,2023-06-21 12:00:00,429.67
ATN,,2023-06-21 13:00:00,427.33
ATN,,2023-06-21 14:00:00,453.58
ATN,,2023-06-21 15:00:00,253.33
ATN,,2023-06-21 16:00:00,840.08
ATN,,2023-06-21 17:00:00,1184.92
ATN,,2023-06-21 18:00:00,297.17
ATN,,2023-06-21 19:00:00,166.00
ATN,,2023-06-21 20:00:00,30.08
ATN,,2023-06-21 21:00:00,4.75
ATN,,2023-06-21 22:00:00,0.00
ATN,,2023-06-21 23:00:00,0.00
ATN,,2023-06-22 00:00:00,0.00
ATN,,2023-06-22 01:00:00,0.00
ATN,,2023-06-22 02:00:00,0.00
ATN,,2023-06-22 03:00:00,0.00
ATN,,2023-06-22 04:00:00,0.00
ATN,,2023-06-22 05:00:00,0.00
ATN,,2023-06-22 06:00:00,15.08
ATN,,2023-06-22 07:00:00,172.67
ATN,,2023-06-22 08:00:00,425.42
ATN,,2023-06-22 09:00:00,577.67
ATN,,2023-06-22 10:00:00,448.50
ATN,,2023-06-22 11:00:00,883.08
ATN,,2023-06-22 12:00:00,1210.67
ATN,,2023-06-22 13:00:00,1404.83
ATN,,2023-06-22 14:00:00,1512.00
ATN,,2023-06-22 15:00:00,1074.33
ATN,,2023-06-22 16:00:00,908.00
ATN,,2023-06-22 17:00:00,704.33
ATN,,2023-06-22 18:00:00,595.67
ATN,,2023-06-22 19:00:00,440.75
ATN,,2023-06-22 20:00:00,179.67
ATN,,2023-06-22 21:00:00,25.33
ATN,,2023-06-22 22:00:00,0.00
ATN,,2023-06-22 23:00:00,0.00
ATN,,2023-06-23 00:00:00,0.00
ATN,,2023-06-23 01:00:00,0.00
ATN,,2023-06-23 02:00:00,0.00
ATN,,2023-06-23 03:00:00,0.00
ATN,,2023-06-23 04:00:00,0.00
ATN,,2023-06-23 05:00:00,0.00
ATN,,2023-06-23 06:00:00,2.67
ATN,,2023-06-23 07:00:00,80.75
ATN,,2023-06-23 08:00:00,304.67
ATN,,2023-06-23 09:00:00,502.83
ATN,,2023-06-23 10:00:00,1278.17
ATN,,2023-06-23 11:00:00,1592.83
ATN,,2023-06-23 12:00:00,1721.67
ATN,,2023-06-23 13:00:00,1787.58
ATN,,2023-06-23 14:00:00,1763.58
ATN,,2023-06-23 15:00:00,1647.33
ATN,,2023-06-23 16:00:00,1304.17
ATN,,2023-06-23 17:00:00,999.00
ATN,,2023-06-23 18:00:00,967.42
ATN,,2023-06-23 19:00:00,565.08
ATN,,2023-06-23 20:00:00,223.83
ATN,,2023-06-23 21:00:00,25.83
ATN,,2023-06-23 22:00:00,0.00
ATN,,2023-06-23 23:00:00,0.00
ATN,,2023-06-24 00:00:00,0.00
ATN,,2023-06-24 01:00:00,0.00
ATN,,2023-06-24 02:00:00,0.00
ATN,,2023-06-24 03:00:00,0.00
ATN,,2023-06-24 04:00:00,0.00
ATN,,2023-06-24 05:00:00,0.00
ATN,,2023-06-24 06:00:00,18.25
ATN,,2023-06-24 07:00:00,206.33
ATN,,2023-06-24 08:00:00,591.08
ATN,,2023-06-24 09:00:00,976.92
ATN,,2023-06-24 10:00:00,1316.75
ATN,,2023-06-24 11:00:00,1576.83
ATN,,2023-06-24 12:00:00,1721.58
ATN,,2023-06-24 13:00:00,1753.92
ATN,,2023-06-24 14:00:00,1745.58
ATN,,2023-06-24 15:00:00,1674.92
ATN,,2023-06-24 16:00:00,1522.33
ATN,,2023-06-24 17:00:00,1287.50
ATN,,2023-06-24 18:00:00,945.75
ATN,,2023-06-24 19:00:00,569.50
ATN,,2023-06-24 20:00:00,201.58
ATN,,2023-06-24 21:00:00,38.92
ATN,,2023-06-24 22:00:00,0.00
ATN,,2023-06-24 23:00:00,0.00
ATN,,2023-06-25 00:00:00,0.00
ATN,,2023-06-25 01:00:00,0.00
ATN,,2023-06-25 02:00:00,0.00
ATN,,2023-06-25 03:00:00,0.00
ATN,,2023-06-25 04:00:00,0.00
ATN,,2023-06-25 05:00:00,0.00
ATN,,2023-06-25 06:00:00,15.42
ATN,,2023-06-25 07:00:00,207.17
ATN,,2023-06-25 08:00:00,598.00
ATN,,2023-06-25 09:00:00,973.33
ATN,,2023-06-25 10:00:00,1311.50
ATN,,2023-06-25 11:00:00,1543.83
ATN,,2023-06-25 12:00:00,1671.58
ATN,,2023-06-25 13:00:00,1718.17
ATN,,2023-06-25 14:00:00,805.17
ATN,,2023-06-25 15:00:00,29.33
ATN,,2023-06-25 16:00:00,29.33
ATN,,2023-06-25 17:00:00,29.50
ATN,,2023-06-25 18:00:00,340.42
ATN,,2023-06-25 19:00:00,506.42
ATN,,2023-06-25 20:00:00,208.17
ATN,,2023-06-25 21:00:00,27.83
ATN,,2023-06-25 22:00:00,0.00
ATN,,2023-06-25 23:00:00,0.00
ATN,,2023-06-26 00:00:00,0.00
ATN,,2023-06-26 01:00:00,0.00
ATN,,2023-06-26 02:00:00,0.00
ATN,,2023-06-26 03:00:00,0.00
ATN,,2023-06-26 04:00:00,0.00
ATN,,2023-06-26 05:00:00,0.00
ATN,,2023-06-26 06:00:00,14.67
ATN,,2023-06-26 07:00:00,187.92
ATN,,2023-06-26 08:00:00,460.92
ATN,,2023-06-26 09:00:00,978.75
ATN,,2023-06-26 10:00:00,1121.83
ATN,,2023-06-26 11:00:00,1156.50
ATN,,2023-06-26 12:00:00,1639.17
ATN,,2023-06-26 13:00:00,1466.33
ATN,,2023-06-26 14:00:00,1381.08
ATN,,2023-06-26 15:00:00,1499.08
ATN,,2023-06-26 16:00:00,1031.17
ATN,,2023-06-26 17:00:00,897.17
ATN,,2023-06-26 18:00:00,755.83
ATN,,2023-06-26 19:00:00,470.50
ATN,,2023-06-26 20:00:00,212.50
ATN,,2023-06-26 21:00:00,33.17
ATN,,2023-06-26 22:00:00,0.00
ATN,,2023-06-26 23:00:00,0.00
ATN,,2023-06-27 00:00:00,0.00
ATN,,2023-06-27 01:00:00,0.00
ATN,,2023-06-27 02:00:00,0.00
ATN,,2023-06-27 03:00:00,0.00
ATN,,2023-06-27 04:00:00,0.00
ATN,,2023-06-27 05:00:00,0.00
ATN,,2023-06-27 06:00:00,15.92
ATN,,2023-06-27 07:00:00,186.33
ATN,,2023-06-27 08:00:00,470.08
ATN,,2023-06-27 09:00:00,806.42
ATN,,2023-06-27 10:00:00,1009.00
ATN,,2023-06-27 11:00:00,1259.42
ATN,,2023-06-27 12:00:00,1459.75
ATN,,2023-06-27 13:00:00,1752.08
ATN,,2023-06-27 14:00:00,1667.58
ATN,,2023-06-27 15:00:00,1346.50
ATN,,2023-06-27 16:00:00,1247.83
ATN,,2023-06-27 17:00:00,1078.25
ATN,,2023-06-27 18:00:00,656.83
ATN,,2023-06-27 19:00:00,376.58
ATN,,2023-06-27 20:00:00,197.92
ATN,,2023-06-27 21:00:00,36.58
ATN,,2023-06-27 22:00:00,0.00
ATN,,2023-06-27 23:00:00,0.00
ATN,,2023-06-28 00:00:00,0.00
ATN,,2023-06-28 01:00:00,0.00
ATN,,2023-06-28 02:00:00,0.00
ATN,,2023-06-28 03:00:00,0.00
ATN,,2023-06-28 04:00:00,0.00
ATN,,2023-06-28 05:00:00,0.00
ATN,,2023-06-28 06:00:00,14.25
ATN,,2023-06-28 07:00:00,161.50
ATN,,2023-06-28 08:00:00,456.75
ATN,,2023-06-28 09:00:00,766.00
ATN,,2023-06-28 10:00:00,1082.50
ATN,,2023-06-28 11:00:00,1353.83
ATN,,2023-06-28 12:00:00,1545.08
ATN,,2023-06-28 13:00:00,1626.25
ATN,,2023-06-28 14:00:00,1606.67
ATN,,2023-06-28 15:00:00,1547.17
ATN,,2023-06-28 16:00:00,1388.58
ATN,,2023-06-28 17:00:00,1161.83
ATN,,2023-06-28 18:00:00,826.33
ATN,,2023-06-28 19:00:00,485.75
ATN,,2023-06-28 20:00:00,197.42
ATN,,2023-06-28 21:00:00,25.08
ATN,,2023-06-28 22:00:00,0.00
ATN,,2023-06-28 23:00:00,0.00
ATN,,2023-06-29 00:00:00,0.00
ATN,,2023-06-29 01:00:00,0.00
ATN,,2023-06-29 02:00:00,0.00
ATN,,2023-06-29 03:00:00,0.00
ATN,,2023-06-29 04:00:00,0.00
ATN,,2023-06-29 05:00:00,0.00
ATN,,2023-06-29 06:00:00,7.17
ATN,,2023-06-29 07:00:00,180.42
ATN,,2023-06-29 08:00:00,440.25
ATN,,2023-06-29 09:00:00,815.08
ATN,,2023-06-29 10:00:00,1170.25
ATN,,2023-06-29 11:00:00,1173.75
ATN,,2023-06-29 12:00:00,1381.08
ATN,,2023-06-29 13:00:00,1103.83
ATN,,2023-06-29 14:00:00,614.75
ATN,,2023-06-29 15:00:00,729.83
ATN,,2023-06-29 16:00:00,696.00
ATN,,2023-06-29 17:00:00,815.58
ATN,,2023-06-29 18:00:00,246.42
ATN,,2023-06-29 19:00:00,55.75
ATN,,2023-06-29 20:00:00,62.25
ATN,,2023-06-29 21:00:00,23.83
ATN,,2023-06-29 22:00:00,0.00
ATN,,2023-06-29 23:00:00,0.00
ATN,,2023-06-30 00:00:00,0.00
ATN,,2023-06-30 01:00:00,0.00
ATN,,2023-06-30 02:00:00,0.00
ATN,,2023-06-30 03:00:00,0.00
ATN,,2023-06-30 04:00:00,0.00
ATN,,2023-06-30 05:00:00,0.00
ATN,,2023-06-30 06:00:00,17.00
ATN,,2023-06-30 07:00:00,94.08
ATN,,2023-06-30 08:00:00,388.83
ATN,,2023-06-30 09:00:00,598.08
ATN,,2023-06-30 10:00:00,876.67
ATN,,2023-06-30 11:00:00,1141.75
ATN,,2023-06-30 12:00:00,894.92
ATN,,2023-06-30 13:00:00,1336.08
ATN,,2023-06-30 14:00:00,1579.33
ATN,,2023-06-30 15:00:00,1463.08
ATN,,2023-06-30 16:00:00,1000.75
ATN,,2023-06-30 17:00:00,873.08
ATN,,2023-06-30 18:00:00,659.75
ATN,,2023-06-30 19:00:00,368.17
ATN,,2023-06-30 20:00:00,125.83
ATN,,2023-06-30 21:00:00,16.33
ATN,,2023-06-30 22:00:00,0.00
ATN,,2023-06-30 23:00:00,0.00
ATN,,2023-07-01 00:00:00,0.00
ATN,,2023-07-01 01:00:00,0.00
ATN,,2023-07-01 02:00:00,0.00
ATN,,2023-07-01 03:00:00,0.00
ATN,,2023-07-01 04:00:00,0.00
ATN,,2023-07-01 05:00:00,0.00
ATN,,2023-07-01 06:00:00,0.08
ATN,,2023-07-01 07:00:00,31.67
ATN,,2023-07-01 08:00:00,172.42
ATN,,2023-07-01 09:00:00,254.42
ATN,,2023-07-01 10:00:00,357.67
ATN,,2023-07-01 11:00:00,560.08
ATN,,2023-07-01 12:00:00,595.50
ATN,,2023-07-01 13:00:00,972.92
ATN,,2023-07-01 14:00:00,803.75
ATN,,2023-07-01 15:00:00,0.00
ATN,,2023-07-01 16:00:00,0.00
ATN,,2023-07-01 17:00:00,321.92
ATN,,2023-07-01 18:00:00,551.58
ATN,,2023-07-01 19:00:00,465.42
ATN,,2023-07-01 20:00:00,198.92
ATN,,2023-07-01 21:00:00,16.50
ATN,,2023-07-01 22:00:00,0.00
ATN,,2023-07-01 23:00:00,0.00
ATN,,2023-07-02 00:00:00,0.00
ATN,,2023-07-02 01:00:00,0.00
ATN,,2023-07-02 02:00:00,0.00
ATN,,2023-07-02 03:00:00,0.00
ATN,,2023-07-02 04:00:00,0.00
ATN,,2023-07-02 05:00:00,0.00
ATN,,2023-07-02 06:00:00,0.00
ATN,,2023-07-02 07:00:00,0.00
ATN,,2023-07-02 08:00:00,0.00
ATN,,2023-07-02 09:00:00,0.00
ATN,,2023-07-02 10:00:00,0.00
ATN,,2023-07-02 11:00:00,0.00
ATN,,2023-07-02 12:00:00,0.00
ATN,,2023-07-02 13:00:00,0.00
ATN,,2023-07-02 14:00:00,0.00
ATN,,2023-07-02 15:00:00,0.00
ATN,,2023-07-02 16:00:00,0.00
ATN,,2023-07-02 17:00:00,0.00
ATN,,2023-07-02 18:00:00,0.00
ATN,,2023-07-02 19:00:00,338.42
ATN,,2023-07-02 20:00:00,144.25
ATN,,2023-07-02 21:00:00,21.67
ATN,,2023-07-02 22:00:00,0.00
ATN,,2023-07-02 23:00:00,0.00
ATN,,2023-07-03 00:00:00,0.00
ATN,,2023-07-03 01:00:00,0.00
ATN,,2023-07-03 02:00:00,0.00
ATN,,2023-07-03 03:00:00,0.00
ATN,,2023-07-03 04:00:00,0.00
ATN,,2023-07-03 05:00:00,0.00
ATN,,2023-07-03 06:00:00,15.25
ATN,,2023-07-03 07:00:00,188.67
ATN,,2023-07-03 08:00:00,570.50
ATN,,2023-07-03 09:00:00,876.17
ATN,,2023-07-03 10:00:00,936.00
ATN,,2023-07-03 11:00:00,1580.50
ATN,,2023-07-03 12:00:00,1365.42
ATN,,2023-07-03 13:00:00,1201.67
ATN,,2023-07-03 14:00:00,1647.17
ATN,,2023-07-03 15:00:00,1281.17
ATN,,2023-07-03 16:00:00,901.92
ATN,,2023-07-03 17:00:00,1460.50
ATN,,2023-07-03 18:00:00,674.58
ATN,,2023-07-03 19:00:00,538.08
ATN,,2023-07-03 20:00:00,276.75
ATN,,2023-07-03 21:00:00,32.58
ATN,,2023-07-03 22:00:00,0.00
ATN,,2023-07-03 23:00:00,0.00
ATN,,2023-07-04 00:00:00,0.00
ATN,,2023-07-04 01:00:00,0.00
ATN,,2023-07-04 02:00:00,0.00
ATN,,2023-07-04 03:00:00,0.00
ATN,,2023-07-04 04:00:00,0.00
ATN,,2023-07-04 05:00:00,0.00
ATN,,2023-07-04 06:00:00,8.67
ATN,,2023-07-04 07:00:00,107.83
ATN,,2023-07-04 08:00:00,198.58
ATN,,2023-07-04 09:00:00,298.50
ATN,,2023-07-04 10:00:00,516.33
ATN,,2023-07-04 11:00:00,933.08
ATN,,2023-07-04 12:00:00,1383.83
ATN,,2023-07-04 13:00:00,1598.92
ATN,,2023-07-04 14:00:00,1462.58
ATN,,2023-07-04 15:00:00,1360.58
ATN,,2023-07-04 16:00:00,1291.83
ATN,,2023-07-04 17:00:00,931.83
ATN,,2023-07-04 18:00:00,658.42
ATN,,2023-07-04 19:00:00,586.92
ATN,,2023-07-04 20:00:00,219.67
ATN,,2023-07-04 21:00:00,23.75
ATN,,2023-07-04 22:00:00,0.00
ATN,,2023-07-04 23:00:00,0.00
ATN,,2023-07-05 00:00:00,0.00
ATN,,2023-07-05 01:00:00,0.00
ATN,,2023-07-05 02:00:00,0.00
ATN,,2023-07-05 03:00:00,0.00
ATN,,2023-07-05 04:00:00,0.00
ATN,,2023-07-05 05:00:00,0.00
ATN,,2023-07-05 06:00:00,14.50
ATN,,2023-07-05 07:00:00,135.17
ATN,,2023-07-05 08:00:00,272.17
ATN,,2023-07-05 09:00:00,838.50
ATN,,2023-07-05 10:00:00,1203.92
ATN,,2023-07-05 11:00:00,1216.83
ATN,,2023-07-05 12:00:00,1004.83
ATN,,2023-07-05 13:00:00,1373.08
ATN,,2023-07-05 14:00:00,917.83
ATN,,2023-07-05 15:00:00,1098.83
ATN,,2023-07-05 16:00:00,1093.67
ATN,,2023-07-05 17:00:00,778.42
ATN,,2023-07-05 18:00:00,673.17
ATN,,2023-07-05 19:00:00,397.25
ATN,,2023-07-05 20:00:00,105.50
ATN,,2023-07-05 21:00:00,7.33
ATN,,2023-07-05 22:00:00,0.00
ATN,,2023-07-05 23:00:00,0.00
ATN,,2023-07-06 00:00:00,0.00
ATN,,2023-07-06 01:00:00,0.00
ATN,,2023-07-06 02:00:00,0.00
ATN,,2023-07-06 03:00:00,0.00
ATN,,2023-07-06 04:00:00,0.00
ATN,,2023-07-06 05:00:00,0.00
ATN,,2023-07-06 06:00:00,16.17
ATN,,2023-07-06 07:00:00,175.75
ATN,,2023-07-06 08:00:00,490.92
ATN,,2023-07-06 09:00:00,917.92
ATN,,2023-07-06 10:00:00,1238.17
ATN,,2023-07-06 11:00:00,1519.08
ATN,,2023-07-06 12:00:00,1700.08
ATN,,2023-07-06 13:00:00,1509.00
ATN,,2023-07-06 14:00:00,1247.00
ATN,,2023-07-06 15:00:00,994.00
ATN,,2023-07-06 16:00:00,1192.92
ATN,,2023-07-06 17:00:00,1232.50
ATN,,2023-07-06 18:00:00,744.33
ATN,,2023-07-06 19:00:00,383.25
ATN,,2023-07-06 20:00:00,183.92
ATN,,2023-07-06 21:00:00,19.08
ATN,,2023-07-06 22:00:00,0.00
ATN,,2023-07-06 23:00:00,0.00
ATN,,2023-07-07 00:00:00,0.00
ATN,,2023-07-07 01:00:00,0.00
ATN,,2023-07-07 02:00:00,0.00
ATN,,2023-07-07 03:00:00,0.00
ATN,,2023-07-07 04:00:00,0.00
ATN,,2023-07-07 05:00:00,0.00
ATN,,2023-07-07 06:00:00,10.92
ATN,,2023-07-07 07:00:00,180.83
ATN,,2023-07-07 08:00:00,531.42
ATN,,2023-07-07 09:00:00,903.58
ATN,,2023-07-07 10:00:00,1208.92
ATN,,2023-07-07 11:00:00,1538.42
ATN,,2023-07-07 12:00:00,1676.83
ATN,,2023-07-07 13:00:00,1726.92
ATN,,2023-07-07 14:00:00,1652.50
ATN,,2023-07-07 15:00:00,1259.33
ATN,,2023-07-07 16:00:00,173.67
ATN,,2023-07-07 17:00:00,65.42
ATN,,2023-07-07 18:00:00,61.33
ATN,,2023-07-07 19:00:00,0.75
ATN,,2023-07-07 20:00:00,0.00
ATN,,2023-07-07 21:00:00,8.67
ATN,,2023-07-07 22:00:00,0.00
ATN,,2023-07-07 23:00:00,0.00
ATN,,2023-07-08 00:00:00,0.00
ATN,,2023-07-08 01:00:00,0.00
ATN,,2023-07-08 02:00:00,0.00
ATN,,2023-07-08 03:00:00,0.00
ATN,,2023-07-08 04:00:00,0.00
ATN,,2023-07-08 05:00:00,0.00
ATN,,2023-07-08 06:00:00,4.42
ATN,,2023-07-08 07:00:00,89.75
ATN,,2023-07-08 08:00:00,522.42
ATN,,2023-07-08 09:00:00,906.75
ATN,,2023-07-08 10:00:00,1257.25
ATN,,2023-07-08 11:00:00,1512.83
ATN,,2023-07-08 12:00:00,1592.83
ATN,,2023-07-08 13:00:00,1589.33
ATN,,2023-07-08 14:00:00,1591.58
ATN,,2023-07-08 15:00:00,1574.50
ATN,,2023-07-08 16:00:00,1451.42
ATN,,2023-07-08 17:00:00,1157.75
ATN,,2023-07-08 18:00:00,667.83
ATN,,2023-07-08 19:00:00,421.92
ATN,,2023-07-08 20:00:00,188.92
ATN,,2023-07-08 21:00:00,28.33
ATN,,2023-07-08 22:00:00,0.00
ATN,,2023-07-08 23:00:00,0.00
ATN,,2023-07-09 00:00:00,0.00
ATN,,2023-07-09 01:00:00,0.00
ATN,,2023-07-09 02:00:00,0.00
ATN,,2023-07-09 03:00:00,0.00
ATN,,2023-07-09 04:00:00,0.00
ATN,,2023-07-09 05:00:00,0.00
ATN,,2023-07-09 06:00:00,10.83
ATN,,2023-07-09 07:00:00,129.17
ATN,,2023-07-09 08:00:00,510.08
ATN,,2023-07-09 09:00:00,888.08
ATN,,2023-07-09 10:00:00,1214.00
ATN,,2023-07-09 11:00:00,1455.58
ATN,,2023-07-09 12:00:00,1602.33
ATN,,2023-07-09 13:00:00,1678.33
ATN,,2023-07-09 14:00:00,1633.67
ATN,,2023-07-09 15:00:00,1570.25
ATN,,2023-07-09 16:00:00,1555.33
ATN,,2023-07-09 17:00:00,1262.00
ATN,,2023-07-09 18:00:00,910.83
ATN,,2023-07-09 19:00:00,471.83
ATN,,2023-07-09 20:00:00,192.92
ATN,,2023-07-09 21:00:00,16.25
ATN,,2023-07-09 22:00:00,0.00
ATN,,2023-07-09 23:00:00,0.00
ATN,,2023-07-10 00:00:00,0.00
ATN,,2023-07-10 01:00:00,0.00
ATN,,2023-07-10 02:00:00,0.00
ATN,,2023-07-10 03:00:00,0.00
ATN,,2023-07-10 04:00:00,0.00
ATN,,2023-07-10 05:00:00,0.00
ATN,,2023-07-10 06:00:00,7.17
ATN,,2023-07-10 07:00:00,102.67
ATN,,2023-07-10 08:00:00,317.42
ATN,,2023-07-10 09:00:00,832.33
ATN,,2023-07-10 10:00:00,1231.25
ATN,,2023-07-10 11:00:00,1483.67
ATN,,2023-07-10 12:00:00,1637.17
ATN,,2023-07-10 13:00:00,1693.50
ATN,,2023-07-10 14:00:00,1672.33
ATN,,2023-07-10 15:00:00,1582.75
ATN,,2023-07-10 16:00:00,1433.08
ATN,,2023-07-10 17:00:00,1209.00
ATN,,2023-07-10 18:00:00,885.75
ATN,,2023-07-10 19:00:00,512.75
ATN,,2023-07-10 20:00:00,193.08
ATN,,2023-07-10 21:00:00,19.25
ATN,,2023-07-10 22:00:00,0.00
ATN,,2023-07-10 23:00:00,0.00
ATN,,2023-07-11 00:00:00,0.00
ATN,,2023-07-11 01:00:00,0.00
ATN,,2023-07-11 02:00:00,0.00
ATN,,2023-07-11 03:00:00,0.00
ATN,,2023-07-11 04:00:00,0.00
ATN,,2023-07-11 05:00:00,0.00
ATN,,2023-07-11 06:00:00,11.00
ATN,,2023-07-11 07:00:00,160.67
ATN,,2023-07-11 08:00:00,475.25
ATN,,2023-07-11 09:00:00,828.83
ATN,,2023-07-11 10:00:00,1134.58
ATN,,2023-07-11 11:00:00,1417.83
ATN,,2023-07-11 12:00:00,1579.08
ATN,,2023-07-11 13:00:00,1648.83
ATN,,2023-07-11 14:00:00,1648.83
ATN,,2023-07-11 15:00:00,1366.92
ATN,,2023-07-11 16:00:00,1384.00
ATN,,2023-07-11 17:00:00,1123.00
ATN,,2023-07-11 18:00:00,717.17
ATN,,2023-07-11 19:00:00,371.33
ATN,,2023-07-11 20:00:00,142.58
ATN,,2023-07-11 21:00:00,4.83
ATN,,2023-07-11 22:00:00,0.00
ATN,,2023-07-11 23:00:00,0.00
ATN,,2023-07-12 00:00:00,0.00
ATN,,2023-07-12 01:00:00,0.00
ATN,,2023-07-12 02:00:00,0.00
ATN,,2023-07-12 03:00:00,0.00
ATN,,2023-07-12 04:00:00,0.00
ATN,,2023-07-12 05:00:00,0.00
ATN,,2023-07-12 06:00:00,9.33
ATN,,2023-07-12 07:00:00,171.17
ATN,,2023-07-12 08:00:00,421.25
ATN,,2023-07-12 09:00:00,957.00
ATN,,2023-07-12 10:00:00,966.92
ATN,,2023-07-12 11:00:00,877.50
ATN,,2023-07-12 12:00:00,1056.92
ATN,,2023-07-12 13:00:00,1262.83
ATN,,2023-07-12 14:00:00,1098.83
ATN,,2023-07-12 15:00:00,1089.33
ATN,,2023-07-12 16:00:00,1098.67
ATN,,2023-07-12 17:00:00,927.58
ATN,,2023-07-12 18:00:00,639.25
ATN,,2023-07-12 19:00:00,295.50
ATN,,2023-07-12 20:00:00,229.17
ATN,,2023-07-12 21:00:00,14.42
ATN,,2023-07-12 22:00:00,0.00
ATN,,2023-07-12 23:00:00,0.00
ATN,,2023-07-13 00:00:00,0.00
ATN,,2023-07-13 01:00:00,0.00
ATN,,2023-07-13 02:00:00,0.00
ATN,,2023-07-13 03:00:00,0.00
ATN,,2023-07-13 04:00:00,0.00
ATN,,2023-07-13 05:00:00,0.00
ATN,,2023-07-13 06:00:00,8.83
ATN,,2023-07-13 07:00:00,138.17
ATN,,2023-07-13 08:00:00,526.67
ATN,,2023-07-13 09:00:00,942.92
ATN,,2023-07-13 10:00:00,1317.75
ATN,,2023-07-13 11:00:00,1422.58
ATN,,2023-07-13 12:00:00,1652.50
ATN,,2023-07-13 13:00:00,1676.00
ATN,,2023-07-13 14:00:00,1558.33
ATN,,2023-07-13 15:00:00,1560.58
ATN,,2023-07-13 16:00:00,1481.83
ATN,,2023-07-13 17:00:00,1252.92
ATN,,2023-07-13 18:00:00,945.00
ATN,,2023-07-13 19:00:00,548.67
ATN,,2023-07-13 20:00:00,202.75
ATN,,2023-07-13 21:00:00,17.75
ATN,,2023-07-13 22:00:00,0.00
ATN,,2023-07-13 23:00:00,0.00
ATN,,2023-07-14 00:00:00,0.00
ATN,,2023-07-14 01:00:00,0.00
ATN,,2023-07-14 02:00:00,0.00
ATN,,2023-07-14 03:00:00,0.00
ATN,,2023-07-14 04:00:00,0.00
ATN,,2023-07-14 05:00:00,0.00
ATN,,2023-07-14 06:00:00,9.25
ATN,,2023-07-14 07:00:00,158.42
ATN,,2023-07-14 08:00:00,527.75
ATN,,2023-07-14 09:00:00,914.42
ATN,,2023-07-14 10:00:00,1280.75
ATN,,2023-07-14 11:00:00,1542.17
ATN,,2023-07-14 12:00:00,1676.42
ATN,,2023-07-14 13:00:00,1720.75
ATN,,2023-07-14 14:00:00,1698.50
ATN,,2023-07-14 15:00:00,1610.75
ATN,,2023-07-14 16:00:00,1455.25
ATN,,2023-07-14 17:00:00,1224.08
ATN,,2023-07-14 18:00:00,881.33
ATN,,2023-07-14 19:00:00,495.75
ATN,,2023-07-14 20:00:00,166.17
ATN,,2023-07-14 21:00:00,11.17
ATN,,2023-07-14 22:00:00,0.00
ATN,,2023-07-14 23:00:00,0.00
ATN,,2023-07-15 00:00:00,0.00
ATN,,2023-07-15 01:00:00,0.00
ATN,,2023-07-15 02:00:00,0.00
ATN,,2023-07-15 03:00:00,0.00
ATN,,2023-07-15 04:00:00,0.00
ATN,,2023-07-15 05:00:00,0.00
ATN,,2023-07-15 06:00:00,6.42
ATN,,2023-07-15 07:00:00,139.50
ATN,,2023-07-15 08:00:00,491.92
ATN,,2023-07-15 09:00:00,914.25
ATN,,2023-07-15 10:00:00,1269.58
ATN,,2023-07-15 11:00:00,386.33
ATN,,2023-07-15 12:00:00,0.00
ATN,,2023-07-15 13:00:00,0.00
ATN,,2023-07-15 14:00:00,0.00
ATN,,2023-07-15 15:00:00,0.00
ATN,,2023-07-15 16:00:00,0.00
ATN,,2023-07-15 17:00:00,0.00
ATN,,2023-07-15 18:00:00,0.00
ATN,,2023-07-15 19:00:00,0.00
ATN,,2023-07-15 20:00:00,0.00
ATN,,2023-07-15 21:00:00,0.00
ATN,,2023-07-15 22:00:00,0.00
ATN,,2023-07-15 23:00:00,0.00
ATN,,2023-07-16 00:00:00,0.00
ATN,,2023-07-16 01:00:00,0.00
ATN,,2023-07-16 02:00:00,0.00
ATN,,2023-07-16 03:00:00,0.00
ATN,,2023-07-16 04:00:00,0.00
ATN,,2023-07-16 05:00:00,0.00
ATN,,2023-07-16 06:00:00,0.00
ATN,,2023-07-16 07:00:00,0.00
ATN,,2023-07-16 08:00:00,0.00
ATN,,2023-07-16 09:00:00,0.00
ATN,,2023-07-16 10:00:00,0.00
ATN,,2023-07-16 11:00:00,0.00
ATN,,2023-07-16 12:00:00,0.00
ATN,,2023-07-16 13:00:00,0.00
ATN,,2023-07-16 14:00:00,0.00
ATN,,2023-07-16 15:00:00,0.00
ATN,,2023-07-16 16:00:00,0.00
ATN,,2023-07-16 17:00:00,0.00
ATN,,2023-07-16 18:00:00,0.00
ATN,,2023-07-16 19:00:00,0.00
ATN,,2023-07-16 20:00:00,0.00
ATN,,2023-07-16 21:00:00,0.00
ATN,,2023-07-16 22:00:00,0.00
ATN,,2023-07-16 23:00:00,0.00
ATN,,2023-07-17 00:00:00,0.00
ATN,,2023-07-17 01:00:00,0.00
ATN,,2023-07-17 02:00:00,0.00
ATN,,2023-07-17 03:00:00,0.00
ATN,,2023-07-17 04:00:00,0.00
ATN,,2023-07-17 05:00:00,0.00
ATN,,2023-07-17 06:00:00,0.00
ATN,,2023-07-17 07:00:00,0.00
ATN,,2023-07-17 08:00:00,261.08
ATN,,2023-07-17 09:00:00,836.58
ATN,,2023-07-17 10:00:00,1113.92
ATN,,2023-07-17 11:00:00,1090.17
ATN,,2023-07-17 12:00:00,1198.58
ATN,,2023-07-17 13:00:00,1234.50
ATN,,2023-07-17 14:00:00,1495.33
ATN,,2023-07-17 15:00:00,1337.25
ATN,,2023-07-17 16:00:00,1249.42
ATN,,2023-07-17 17:00:00,1138.25
ATN,,2023-07-17 18:00:00,798.75
ATN,,2023-07-17 19:00:00,482.42
ATN,,2023-07-17 20:00:00,191.08
ATN,,2023-07-17 21:00:00,21.17
ATN,,2023-07-17 22:00:00,0.00
ATN,,2023-07-17 23:00:00,0.00
ATN,,2023-07-18 00:00:00,0.00
ATN,,2023-07-18 01:00:00,0.00
ATN,,2023-07-18 02:00:00,0.00
ATN,,2023-07-18 03:00:00,0.00
ATN,,2023-07-18 04:00:00,0.00
ATN,,2023-07-18 05:00:00,0.00
ATN,,2023-07-18 06:00:00,4.67
ATN,,2023-07-18 07:00:00,123.92
ATN,,2023-07-18 08:00:00,451.42
ATN,,2023-07-18 09:00:00,796.25
ATN,,2023-07-18 10:00:00,1114.25
ATN,,2023-07-18 11:00:00,1355.00
ATN,,2023-07-18 12:00:00,1218.83
ATN,,2023-07-18 13:00:00,1460.08
ATN,,2023-07-18 14:00:00,1238.17
ATN,,2023-07-18 15:00:00,1504.33
ATN,,2023-07-18 16:00:00,1052.33
ATN,,2023-07-18 17:00:00,1138.42
ATN,,2023-07-18 18:00:00,853.08
ATN,,2023-07-18 19:00:00,594.58
ATN,,2023-07-18 20:00:00,214.67
ATN,,2023-07-18 21:00:00,30.67
ATN,,2023-07-18 22:00:00,0.00
ATN,,2023-07-18 23:00:00,0.00
ATN,,2023-07-19 00:00:00,0.00
ATN,,2023-07-19 01:00:00,0.00
ATN,,2023-07-19 02:00:00,0.00
ATN,,2023-07-19 03:00:00,0.00
ATN,,2023-07-19 04:00:00,0.00
ATN,,2023-07-19 05:00:00,0.00
ATN,,2023-07-19 06:00:00,1.17
ATN,,2023-07-19 07:00:00,54.42
ATN,,2023-07-19 08:00:00,204.25
ATN,,2023-07-19 09:00:00,331.33
ATN,,2023-07-19 10:00:00,573.58
ATN,,2023-07-19 11:00:00,764.50
ATN,,2023-07-19 12:00:00,1296.75
ATN,,2023-07-19 13:00:00,1751.17
ATN,,2023-07-19 14:00:00,1734.17
ATN,,2023-07-19 15:00:00,1609.42
ATN,,2023-07-19 16:00:00,1509.50
ATN,,2023-07-19 17:00:00,1256.67
ATN,,2023-07-19 18:00:00,908.83
ATN,,2023-07-19 19:00:00,516.67
ATN,,2023-07-19 20:00:00,173.83
ATN,,2023-07-19 21:00:00,13.42
ATN,,2023-07-19 22:00:00,0.00
ATN,,2023-07-19 23:00:00,0.00
ATN,,2023-07-20 00:00:00,0.00
ATN,,2023-07-20 01:00:00,0.00
ATN,,2023-07-20 02:00:00,0.00
ATN,,2023-07-20 03:00:00,0.00
ATN,,2023-07-20 04:00:00,0.00
ATN,,2023-07-20 05:00:00,0.00
ATN,,2023-07-20 06:00:00,6.25
ATN,,2023-07-20 07:00:00,116.17
ATN,,2023-07-20 08:00:00,484.00
ATN,,2023-07-20 09:00:00,876.58
ATN,,2023-07-20 10:00:00,1229.92
ATN,,2023-07-20 11:00:00,1495.58
ATN,,2023-07-20 12:00:00,1658.67
ATN,,2023-07-20 13:00:00,1734.83
ATN,,2023-07-20 14:00:00,1711.33
ATN,,2023-07-20 15:00:00,1627.75
ATN,,2023-07-20 16:00:00,1483.33
ATN,,2023-07-20 17:00:00,904.42
ATN,,2023-07-20 18:00:00,663.25
ATN,,2023-07-20 19:00:00,423.17
ATN,,2023-07-20 20:00:00,75.75
ATN,,2023-07-20 21:00:00,4.25
ATN,,2023-07-20 22:00:00,0.00
ATN,,2023-07-20 23:00:00,0.00
ATN,,2023-07-21 00:00:00,0.00
ATN,,2023-07-21 01:00:00,0.00
ATN,,2023-07-21 02:00:00,0.00
ATN,,2023-07-21 03:00:00,0.00
ATN,,2023-07-21 04:00:00,0.00
ATN,,2023-07-21 05:00:00,0.00
ATN,,2023-07-21 06:00:00,4.92
ATN,,2023-07-21 07:00:00,133.25
ATN,,2023-07-21 08:00:00,515.67
ATN,,2023-07-21 09:00:00,868.42
ATN,,2023-07-21 10:00:00,1187.42
ATN,,2023-07-21 11:00:00,1412.25
ATN,,2023-07-21 12:00:00,1406.67
ATN,,2023-07-21 13:00:00,1588.42
ATN,,2023-07-21 14:00:00,1554.92
ATN,,2023-07-21 15:00:00,1501.92
ATN,,2023-07-21 16:00:00,1584.92
ATN,,2023-07-21 17:00:00,1259.25
ATN,,2023-07-21 18:00:00,575.58
ATN,,2023-07-21 19:00:00,362.42
ATN,,2023-07-21 20:00:00,157.33
ATN,,2023-07-21 21:00:00,12.58
ATN,,2023-07-21 22:00:00,0.00
ATN,,2023-07-21 23:00:00,0.00
ATN,,2023-07-22 00:00:00,0.00
ATN,,2023-07-22 01:00:00,0.00
ATN,,2023-07-22 02:00:00,0.00
ATN,,2023-07-22 03:00:00,0.00
ATN,,2023-07-22 04:00:00,0.00
ATN,,2023-07-22 05:00:00,0.00
ATN,,2023-07-22 06:00:00,3.33
ATN,,2023-07-22 07:00:00,127.67
ATN,,2023-07-22 08:00:00,433.75
ATN,,2023-07-22 09:00:00,815.25
ATN,,2023-07-22 10:00:00,1187.42
ATN,,2023-07-22 11:00:00,1483.75
ATN,,2023-07-22 12:00:00,1630.08
ATN,,2023-07-22 13:00:00,1697.67
ATN,,2023-07-22 14:00:00,1694.50
ATN,,2023-07-22 15:00:00,1603.83
ATN,,2023-07-22 16:00:00,1431.33
ATN,,2023-07-22 17:00:00,1190.50
ATN,,2023-07-22 18:00:00,842.92
ATN,,2023-07-22 19:00:00,466.33
ATN,,2023-07-22 20:00:00,168.08
ATN,,2023-07-22 21:00:00,10.67
ATN,,2023-07-22 22:00:00,0.00
ATN,,2023-07-22 23:00:00,0.00
ATN,,2023-07-23 00:00:00,0.00
ATN,,2023-07-23 01:00:00,0.00
ATN,,2023-07-23 02:00:00,0.00
ATN,,2023-07-23 03:00:00,0.00
ATN,,2023-07-23 04:00:00,0.00
ATN,,2023-07-23 05:00:00,0.00
ATN,,2023-07-23 06:00:00,4.75
ATN,,2023-07-23 07:00:00,137.08
ATN,,2023-07-23 08:00:00,438.00
ATN,,2023-07-23 09:00:00,787.00
ATN,,2023-07-23 10:00:00,1126.00
ATN,,2023-07-23 11:00:00,1450.58
ATN,,2023-07-23 12:00:00,1607.58
ATN,,2023-07-23 13:00:00,1680.75
ATN,,2023-07-23 14:00:00,17.17
ATN,,2023-07-23 15:00:00,0.00
ATN,,2023-07-23 16:00:00,0.00
ATN,,2023-07-23 17:00:00,603.67
ATN,,2023-07-23 18:00:00,940.58
ATN,,2023-07-23 19:00:00,473.17
ATN,,2023-07-23 20:00:00,164.50
ATN,,2023-07-23 21:00:00,8.08
ATN,,2023-07-23 22:00:00,0.00
ATN,,2023-07-23 23:00:00,0.00
ATN,,2023-07-24 00:00:00,0.00
ATN,,2023-07-24 01:00:00,0.00
ATN,,2023-07-24 02:00:00,0.00
ATN,,2023-07-24 03:00:00,0.00
ATN,,2023-07-24 04:00:00,0.00
ATN,,2023-07-24 05:00:00,0.00
ATN,,2023-07-24 06:00:00,0.42
ATN,,2023-07-24 07:00:00,18.67
ATN,,2023-07-24 08:00:00,165.17
ATN,,2023-07-24 09:00:00,364.00
ATN,,2023-07-24 10:00:00,572.42
ATN,,2023-07-24 11:00:00,457.58
ATN,,2023-07-24 12:00:00,659.42
ATN,,2023-07-24 13:00:00,1038.25
ATN,,2023-07-24 14:00:00,891.17
ATN,,2023-07-24 15:00:00,1130.08
ATN,,2023-07-24 16:00:00,1186.75
ATN,,2023-07-24 17:00:00,835.08
ATN,,2023-07-24 18:00:00,546.83
ATN,,2023-07-24 19:00:00,527.42
ATN,,2023-07-24 20:00:00,187.50
ATN,,2023-07-24 21:00:00,9.25
ATN,,2023-07-24 22:00:00,0.00
ATN,,2023-07-24 23:00:00,0.00
ATN,,2023-07-25 00:00:00,0.00
ATN,,2023-07-25 01:00:00,0.00
ATN,,2023-07-25 02:00:00,0.00
ATN,,2023-07-25 03:00:00,0.00
ATN,,2023-07-25 04:00:00,0.00
ATN,,2023-07-25 05:00:00,0.00
ATN,,2023-07-25 06:00:00,3.58
ATN,,2023-07-25 07:00:00,153.42
ATN,,2023-07-25 08:00:00,456.08
ATN,,2023-07-25 09:00:00,743.83
ATN,,2023-07-25 10:00:00,646.42
ATN,,2023-07-25 11:00:00,1127.00
ATN,,2023-07-25 12:00:00,1489.75
ATN,,2023-07-25 13:00:00,1470.00
ATN,,2023-07-25 14:00:00,1277.58
ATN,,2023-07-25 15:00:00,1506.00
ATN,,2023-07-25 16:00:00,1173.75
ATN,,2023-07-25 17:00:00,800.75
ATN,,2023-07-25 18:00:00,716.17
ATN,,2023-07-25 19:00:00,335.75
ATN,,2023-07-25 20:00:00,205.58
ATN,,2023-07-25 21:00:00,13.42
ATN,,2023-07-25 22:00:00,0.00
ATN,,2023-07-25 23:00:00,0.00
ATN,,2023-07-26 00:00:00,0.00
ATN,,2023-07-26 01:00:00,0.00
ATN,,2023-07-26 02:00:00,0.00
ATN,,2023-07-26 03:00:00,0.00
ATN,,2023-07-26 04:00:00,0.00
ATN,,2023-07-26 05:00:00,0.00
ATN,,2023-07-26 06:00:00,2.25
ATN,,2023-07-26 07:00:00,98.42
ATN,,2023-07-26 08:00:00,262.58
ATN,,2023-07-26 09:00:00,641.42
ATN,,2023-07-26 10:00:00,785.67
ATN,,2023-07-26 11:00:00,907.17
ATN,,2023-07-26 12:00:00,711.08
ATN,,2023-07-26 13:00:00,553.33
ATN,,2023-07-26 14:00:00,977.08
ATN,,2023-07-26 15:00:00,1257.33
ATN,,2023-07-26 16:00:00,596.42
ATN,,2023-07-26 17:00:00,469.92
ATN,,2023-07-26 18:00:00,494.92
ATN,,2023-07-26 19:00:00,322.92
ATN,,2023-07-26 20:00:00,148.83
ATN,,2023-07-26 21:00:00,9.17
ATN,,2023-07-26 22:00:00,0.00
ATN,,2023-07-26 23:00:00,0.00
ATN,,2023-07-27 00:00:00,0.00
ATN,,2023-07-27 01:00:00,0.00
ATN,,2023-07-27 02:00:00,0.00
ATN,,2023-07-27 03:00:00,0.00
ATN,,2023-07-27 04:00:00,0.00
ATN,,2023-07-27 05:00:00,0.00
ATN,,2023-07-27 06:00:00,1.08
ATN,,2023-07-27 07:00:00,71.67
ATN,,2023-07-27 08:00:00,415.17
ATN,,2023-07-27 09:00:00,876.75
ATN,,2023-07-27 10:00:00,1275.42
ATN,,2023-07-27 11:00:00,1283.25
ATN,,2023-07-27 12:00:00,1607.58
ATN,,2023-07-27 13:00:00,1730.67
ATN,,2023-07-27 14:00:00,1698.00
ATN,,2023-07-27 15:00:00,1594.33
ATN,,2023-07-27 16:00:00,1435.67
ATN,,2023-07-27 17:00:00,1183.92
ATN,,2023-07-27 18:00:00,798.33
ATN,,2023-07-27 19:00:00,471.50
ATN,,2023-07-27 20:00:00,138.67
ATN,,2023-07-27 21:00:00,9.50
ATN,,2023-07-27 22:00:00,0.00
ATN,,2023-07-27 23:00:00,0.00
ATN,,2023-07-28 00:00:00,0.00
ATN,,2023-07-28 01:00:00,0.00
ATN,,2023-07-28 02:00:00,0.00
ATN,,2023-07-28 03:00:00,0.00
ATN,,2023-07-28 04:00:00,0.00
ATN,,2023-07-28 05:00:00,0.00
ATN,,2023-07-28 06:00:00,7.33
ATN,,2023-07-28 07:00:00,91.25
ATN,,2023-07-28 08:00:00,209.67
ATN,,2023-07-28 09:00:00,655.58
ATN,,2023-07-28 10:00:00,822.42
ATN,,2023-07-28 11:00:00,562.67
ATN,,2023-07-28 12:00:00,0.00
ATN,,2023-07-28 13:00:00,335.67
ATN,,2023-07-28 14:00:00,1713.50
ATN,,2023-07-28 15:00:00,1620.75
ATN,,2023-07-28 16:00:00,1405.50
ATN,,2023-07-28 17:00:00,1057.92
ATN,,2023-07-28 18:00:00,756.33
ATN,,2023-07-28 19:00:00,394.33
ATN,,2023-07-28 20:00:00,116.92
ATN,,2023-07-28 21:00:00,10.75
ATN,,2023-07-28 22:00:00,0.00
ATN,,2023-07-28 23:00:00,0.00
ATN,,2023-07-29 00:00:00,0.00
ATN,,2023-07-29 01:00:00,0.00
ATN,,2023-07-29 02:00:00,0.00
ATN,,2023-07-29 03:00:00,0.00
ATN,,2023-07-29 04:00:00,0.00
ATN,,2023-07-29 05:00:00,0.00
ATN,,2023-07-29 06:00:00,0.25
ATN,,2023-07-29 07:00:00,78.25
ATN,,2023-07-29 08:00:00,311.83
ATN,,2023-07-29 09:00:00,564.17
ATN,,2023-07-29 10:00:00,627.67
ATN,,2023-07-29 11:00:00,1041.42
ATN,,2023-07-29 12:00:00,1488.08
ATN,,2023-07-29 13:00:00,1096.00
ATN,,2023-07-29 14:00:00,1418.08
ATN,,2023-07-29 15:00:00,1552.33
ATN,,2023-07-29 16:00:00,1094.08
ATN,,2023-07-29 17:00:00,816.83
ATN,,2023-07-29 18:00:00,748.83
ATN,,2023-07-29 19:00:00,352.58
ATN,,2023-07-29 20:00:00,151.25
ATN,,2023-07-29 21:00:00,7.17
ATN,,2023-07-29 22:00:00,0.00
ATN,,2023-07-29 23:00:00,0.00
ATN,,2023-07-30 00:00:00,0.00
ATN,,2023-07-30 01:00:00,0.00
ATN,,2023-07-30 02:00:00,0.00
ATN,,2023-07-30 03:00:00,0.00
ATN,,2023-07-30 04:00:00,0.00
ATN,,2023-07-30 05:00:00,0.00
ATN,,2023-07-30 06:00:00,1.33
ATN,,2023-07-30 07:00:00,126.50
ATN,,2023-07-30 08:00:00,442.83
ATN,,2023-07-30 09:00:00,880.42
ATN,,2023-07-30 10:00:00,1127.83
ATN,,2023-07-30 11:00:00,153.58
ATN,,2023-07-30 12:00:00,1398.00
ATN,,2023-07-30 13:00:00,1201.25
ATN,,2023-07-30 14:00:00,0.00
ATN,,2023-07-30 15:00:00,0.00
ATN,,2023-07-30 16:00:00,0.00
ATN,,2023-07-30 17:00:00,1037.08
ATN,,2023-07-30 18:00:00,757.08
ATN,,2023-07-30 19:00:00,415.83
ATN,,2023-07-30 20:00:00,114.83
ATN,,2023-07-30 21:00:00,9.08
ATN,,2023-07-30 22:00:00,0.00
ATN,,2023-07-30 23:00:00,0.00
ATN,,2023-07-31 00:00:00,0.00
ATN,,2023-07-31 01:00:00,0.00
ATN,,2023-07-31 02:00:00,0.00
ATN,,2023-07-31 03:00:00,0.00
ATN,,2023-07-31 04:00:00,0.00
ATN,,2023-07-31 05:00:00,0.00
ATN,,2023-07-31 06:00:00,1.17
ATN,,2023-07-31 07:00:00,96.17
ATN,,2023-07-31 08:00:00,450.00
ATN,,2023-07-31 09:00:00,836.75
ATN,,2023-07-31 10:00:00,1071.17
ATN,,2023-07-31 11:00:00,1286.33
ATN,,2023-07-31 12:00:00,1665.42
ATN,,2023-07-31 13:00:00,1715.83
ATN,,2023-07-31 14:00:00,1696.42
ATN,,2023-07-31 15:00:00,1599.67
ATN,,2023-07-31 16:00:00,1433.58
ATN,,2023-07-31 17:00:00,1137.58
ATN,,2023-07-31 18:00:00,809.50
ATN,,2023-07-31 19:00:00,459.58
ATN,,2023-07-31 20:00:00,132.00
ATN,,2023-07-31 21:00:00,1.75
ATN,,2023-07-31 22:00:00,0.00
ATN,,2023-07-31 23:00:00,0.00
ATN,,2023-08-01 00:00:00,0.00
ATN,,2023-08-01 01:00:00,0.00
ATN,,2023-08-01 02:00:00,0.00
ATN,,2023-08-01 03:00:00,0.00
ATN,,2023-08-01 04:00:00,0.00
ATN,,2023-08-01 05:00:00,0.00
ATN,,2023-08-01 06:00:00,0.50
ATN,,2023-08-01 07:00:00,27.42
ATN,,2023-08-01 08:00:00,112.75
ATN,,2023-08-01 09:00:00,264.83
ATN,,2023-08-01 10:00:00,551.08
ATN,,2023-08-01 11:00:00,1018.83
ATN,,2023-08-01 12:00:00,1072.17
ATN,,2023-08-01 13:00:00,1279.25
ATN,,2023-08-01 14:00:00,1474.58
ATN,,2023-08-01 15:00:00,1598.08
ATN,,2023-08-01 16:00:00,1332.75
ATN,,2023-08-01 17:00:00,1180.17
ATN,,2023-08-01 18:00:00,819.83
ATN,,2023-08-01 19:00:00,414.17
ATN,,2023-08-01 20:00:00,128.83
ATN,,2023-08-01 21:00:00,5.67
ATN,,2023-08-01 22:00:00,0.00
ATN,,2023-08-01 23:00:00,0.00
ATN,,2023-08-02 00:00:00,0.00
ATN,,2023-08-02 01:00:00,0.00
ATN,,2023-08-02 02:00:00,0.00
ATN,,2023-08-02 03:00:00,0.00
ATN,,2023-08-02 04:00:00,0.00
ATN,,2023-08-02 05:00:00,0.00
ATN,,2023-08-02 06:00:00,0.58
ATN,,2023-08-02 07:00:00,85.33
ATN,,2023-08-02 08:00:00,370.33
ATN,,2023-08-02 09:00:00,459.92
ATN,,2023-08-02 10:00:00,825.00
ATN,,2023-08-02 11:00:00,528.33
ATN,,2023-08-02 12:00:00,1109.42
ATN,,2023-08-02 13:00:00,845.00
ATN,,2023-08-02 14:00:00,619.50
ATN,,2023-08-02 15:00:00,1093.42
ATN,,2023-08-02 16:00:00,915.17
ATN,,2023-08-02 17:00:00,848.25
ATN,,2023-08-02 18:00:00,734.92
ATN,,2023-08-02 19:00:00,176.08
ATN,,2023-08-02 20:00:00,62.33
ATN,,2023-08-02 21:00:00,6.83
ATN,,2023-08-02 22:00:00,0.00
ATN,,2023-08-02 23:00:00,0.00
ATN,,2023-08-03 00:00:00,0.00
ATN,,2023-08-03 01:00:00,0.00
ATN,,2023-08-03 02:00:00,0.00
ATN,,2023-08-03 03:00:00,0.00
ATN,,2023-08-03 04:00:00,0.00
ATN,,2023-08-03 05:00:00,0.00
ATN,,2023-08-03 06:00:00,0.00
ATN,,2023-08-03 07:00:00,85.75
ATN,,2023-08-03 08:00:00,345.58
ATN,,2023-08-03 09:00:00,661.75
ATN,,2023-08-03 10:00:00,1127.25
ATN,,2023-08-03 11:00:00,1042.17
ATN,,2023-08-03 12:00:00,969.08
ATN,,2023-08-03 13:00:00,1450.17
ATN,,2023-08-03 14:00:00,1435.50
ATN,,2023-08-03 15:00:00,1184.08
ATN,,2023-08-03 16:00:00,996.00
ATN,,2023-08-03 17:00:00,640.67
ATN,,2023-08-03 18:00:00,851.00
ATN,,2023-08-03 19:00:00,320.67
ATN,,2023-08-03 20:00:00,71.42
ATN,,2023-08-03 21:00:00,1.17
ATN,,2023-08-03 22:00:00,0.00
ATN,,2023-08-03 23:00:00,0.00
ATN,,2023-08-04 00:00:00,0.00
ATN,,2023-08-04 01:00:00,0.00
ATN,,2023-08-04 02:00:00,0.00
ATN,,2023-08-04 03:00:00,0.00
ATN,,2023-08-04 04:00:00,0.00
ATN,,2023-08-04 05:00:00,0.00
ATN,,2023-08-04 06:00:00,0.00
ATN,,2023-08-04 07:00:00,87.17
ATN,,2023-08-04 08:00:00,328.67
ATN,,2023-08-04 09:00:00,626.25
ATN,,2023-08-04 10:00:00,996.75
ATN,,2023-08-04 11:00:00,826.58
ATN,,2023-08-04 12:00:00,1116.92
ATN,,2023-08-04 13:00:00,1043.50
ATN,,2023-08-04 14:00:00,1148.33
ATN,,2023-08-04 15:00:00,1129.25
ATN,,2023-08-04 16:00:00,1373.75
ATN,,2023-08-04 17:00:00,1140.75
ATN,,2023-08-04 18:00:00,716.33
ATN,,2023-08-04 19:00:00,311.00
ATN,,2023-08-04 20:00:00,146.08
ATN,,2023-08-04 21:00:00,3.08
ATN,,2023-08-04 22:00:00,0.00
ATN,,2023-08-04 23:00:00,0.00
ATN,,2023-08-05 00:00:00,0.00
ATN,,2023-08-05 01:00:00,0.00
ATN,,2023-08-05 02:00:00,0.00
ATN,,2023-08-05 03:00:00,0.00
ATN,,2023-08-05 04:00:00,0.00
ATN,,2023-08-05 05:00:00,0.00
ATN,,2023-08-05 06:00:00,0.17
ATN,,2023-08-05 07:00:00,77.58
ATN,,2023-08-05 08:00:00,464.50
ATN,,2023-08-05 09:00:00,667.33
ATN,,2023-08-05 10:00:00,916.75
ATN,,2023-08-05 11:00:00,1164.58
ATN,,2023-08-05 12:00:00,1088.50
ATN,,2023-08-05 13:00:00,1217.92
ATN,,2023-08-05 14:00:00,1067.08
ATN,,2023-08-05 15:00:00,815.00
ATN,,2023-08-05 16:00:00,630.08
ATN,,2023-08-05 17:00:00,568.42
ATN,,2023-08-05 18:00:00,228.75
ATN,,2023-08-05 19:00:00,181.67
ATN,,2023-08-05 20:00:00,114.92
ATN,,2023-08-05 21:00:00,3.00
ATN,,2023-08-05 22:00:00,0.00
ATN,,2023-08-05 23:00:00,0.00
ATN,,2023-08-06 00:00:00,0.00
ATN,,2023-08-06 01:00:00,0.00
ATN,,2023-08-06 02:00:00,0.00
ATN,,2023-08-06 03:00:00,0.00
ATN,,2023-08-06 04:00:00,0.00
ATN,,2023-08-06 05:00:00,0.00
ATN,,2023-08-06 06:00:00,0.08
ATN,,2023-08-06 07:00:00,46.00
ATN,,2023-08-06 08:00:00,191.00
ATN,,2023-08-06 09:00:00,578.08
ATN,,2023-08-06 10:00:00,835.33
ATN,,2023-08-06 11:00:00,1197.58
ATN,,2023-08-06 12:00:00,1562.42
ATN,,2023-08-06 13:00:00,1230.58
ATN,,2023-08-06 14:00:00,1697.58
ATN,,2023-08-06 15:00:00,1535.67
ATN,,2023-08-06 16:00:00,1375.00
ATN,,2023-08-06 17:00:00,1066.83
ATN,,2023-08-06 18:00:00,848.58
ATN,,2023-08-06 19:00:00,472.58
ATN,,2023-08-06 20:00:00,129.08
ATN,,2023-08-06 21:00:00,2.58
ATN,,2023-08-06 22:00:00,0.00
ATN,,2023-08-06 23:00:00,0.00
ATN,,2023-08-07 00:00:00,0.00
ATN,,2023-08-07 01:00:00,0.00
ATN,,2023-08-07 02:00:00,0.00
ATN,,2023-08-07 03:00:00,0.00
ATN,,2023-08-07 04:00:00,0.00
ATN,,2023-08-07 05:00:00,0.00
ATN,,2023-08-07 06:00:00,0.00
ATN,,2023-08-07 07:00:00,66.58
ATN,,2023-08-07 08:00:00,439.50
ATN,,2023-08-07 09:00:00,848.83
ATN,,2023-08-07 10:00:00,1237.92
ATN,,2023-08-07 11:00:00,1522.67
ATN,,2023-08-07 12:00:00,1686.17
ATN,,2023-08-07 13:00:00,1739.75
ATN,,2023-08-07 14:00:00,1752.92
ATN,,2023-08-07 15:00:00,1632.67
ATN,,2023-08-07 16:00:00,1455.67
ATN,,2023-08-07 17:00:00,1185.67
ATN,,2023-08-07 18:00:00,828.50
ATN,,2023-08-07 19:00:00,430.33
ATN,,2023-08-07 20:00:00,104.00
ATN,,2023-08-07 21:00:00,2.67
ATN,,2023-08-07 22:00:00,0.00
ATN,,2023-08-07 23:00:00,0.00
ATN,,2023-08-08 00:00:00,0.00
ATN,,2023-08-08 01:00:00,0.00
ATN,,2023-08-08 02:00:00,0.00
ATN,,2023-08-08 03:00:00,0.00
ATN,,2023-08-08 04:00:00,0.00
ATN,,2023-08-08 05:00:00,0.00
ATN,,2023-08-08 06:00:00,0.00
ATN,,2023-08-08 07:00:00,62.58
ATN,,2023-08-08 08:00:00,415.50
ATN,,2023-08-08 09:00:00,817.67
ATN,,2023-08-08 10:00:00,1200.17
ATN,,2023-08-08 11:00:00,1479.08
ATN,,2023-08-08 12:00:00,1646.92
ATN,,2023-08-08 13:00:00,1713.00
ATN,,2023-08-08 14:00:00,1680.67
ATN,,2023-08-08 15:00:00,1600.75
ATN,,2023-08-08 16:00:00,1365.58
ATN,,2023-08-08 17:00:00,1162.17
ATN,,2023-08-08 18:00:00,803.17
ATN,,2023-08-08 19:00:00,362.75
ATN,,2023-08-08 20:00:00,125.75
ATN,,2023-08-08 21:00:00,3.00
ATN,,2023-08-08 22:00:00,0.00
ATN,,2023-08-08 23:00:00,0.00
ATN,,2023-08-09 00:00:00,0.00
ATN,,2023-08-09 01:00:00,0.00
ATN,,2023-08-09 02:00:00,0.00
ATN,,2023-08-09 03:00:00,0.00
ATN,,2023-08-09 04:00:00,0.00
ATN,,2023-08-09 05:00:00,0.00
ATN,,2023-08-09 06:00:00,0.00
ATN,,2023-08-09 07:00:00,55.33
ATN,,2023-08-09 08:00:00,416.00
ATN,,2023-08-09 09:00:00,813.33
ATN,,2023-08-09 10:00:00,1181.08
ATN,,2023-08-09 11:00:00,1454.33
ATN,,2023-08-09 12:00:00,1625.08
ATN,,2023-08-09 13:00:00,1683.58
ATN,,2023-08-09 14:00:00,1662.08
ATN,,2023-08-09 15:00:00,1563.92
ATN,,2023-08-09 16:00:00,1397.58
ATN,,2023-08-09 17:00:00,1117.00
ATN,,2023-08-09 18:00:00,758.83
ATN,,2023-08-09 19:00:00,380.25
ATN,,2023-08-09 20:00:00,93.00
ATN,,2023-08-09 21:00:00,1.17
ATN,,2023-08-09 22:00:00,0.00
ATN,,2023-08-09 23:00:00,0.00
ATN,,2023-08-10 00:00:00,0.00
ATN,,2023-08-10 01:00:00,0.00
ATN,,2023-08-10 02:00:00,0.00
ATN,,2023-08-10 03:00:00,0.00
ATN,,2023-08-10 04:00:00,0.00
ATN,,2023-08-10 05:00:00,0.00
ATN,,2023-08-10 06:00:00,0.00
ATN,,2023-08-10 07:00:00,55.92
ATN,,2023-08-10 08:00:00,186.33
ATN,,2023-08-10 09:00:00,410.25
ATN,,2023-08-10 10:00:00,820.33
ATN,,2023-08-10 11:00:00,1349.50
ATN,,2023-08-10 12:00:00,1441.08
ATN,,2023-08-10 13:00:00,1568.58
ATN,,2023-08-10 14:00:00,1675.50
ATN,,2023-08-10 15:00:00,1591.33
ATN,,2023-08-10 16:00:00,1427.92
ATN,,2023-08-10 17:00:00,1134.58
ATN,,2023-08-10 18:00:00,743.67
ATN,,2023-08-10 19:00:00,389.00
ATN,,2023-08-10 20:00:00,92.50
ATN,,2023-08-10 21:00:00,0.67
ATN,,2023-08-10 22:00:00,0.00
ATN,,2023-08-10 23:00:00,0.00
ATN,,2023-08-11 00:00:00,0.00
ATN,,2023-08-11 01:00:00,0.00
ATN,,2023-08-11 02:00:00,0.00
ATN,,2023-08-11 03:00:00,0.00
ATN,,2023-08-11 04:00:00,0.00
ATN,,2023-08-11 05:00:00,0.00
ATN,,2023-08-11 06:00:00,0.00
ATN,,2023-08-11 07:00:00,57.17
ATN,,2023-08-11 08:00:00,371.67
ATN,,2023-08-11 09:00:00,518.17
ATN,,2023-08-11 10:00:00,1075.50
ATN,,2023-08-11 11:00:00,1429.75
ATN,,2023-08-11 12:00:00,1587.25
ATN,,2023-08-11 13:00:00,1650.17
ATN,,2023-08-11 14:00:00,1624.25
ATN,,2023-08-11 15:00:00,1522.58
ATN,,2023-08-11 16:00:00,1367.08
ATN,,2023-08-11 17:00:00,1101.83
ATN,,2023-08-11 18:00:00,745.25
ATN,,2023-08-11 19:00:00,376.33
ATN,,2023-08-11 20:00:00,79.33
ATN,,2023-08-11 21:00:00,0.75
ATN,,2023-08-11 22:00:00,0.00
ATN,,2023-08-11 23:00:00,0.00
ATN,,2023-08-12 00:00:00,0.00
ATN,,2023-08-12 01:00:00,0.00
ATN,,2023-08-12 02:00:00,0.00
ATN,,2023-08-12 03:00:00,0.00
ATN,,2023-08-12 04:00:00,0.00
ATN,,2023-08-12 05:00:00,0.00
ATN,,2023-08-12 06:00:00,0.00
ATN,,2023-08-12 07:00:00,90.75
ATN,,2023-08-12 08:00:00,298.75
ATN,,2023-08-12 09:00:00,645.08
ATN,,2023-08-12 10:00:00,1107.58
ATN,,2023-08-12 11:00:00,1400.17
ATN,,2023-08-12 12:00:00,1572.83
ATN,,2023-08-12 13:00:00,1631.83
ATN,,2023-08-12 14:00:00,1586.25
ATN,,2023-08-12 15:00:00,1343.75
ATN,,2023-08-12 16:00:00,993.58
ATN,,2023-08-12 17:00:00,1127.75
ATN,,2023-08-12 18:00:00,766.17
ATN,,2023-08-12 19:00:00,341.67
ATN,,2023-08-12 20:00:00,41.58
ATN,,2023-08-12 21:00:00,0.08
ATN,,2023-08-12 22:00:00,0.00
ATN,,2023-08-12 23:00:00,0.00
ATN,,2023-08-13 00:00:00,0.00
ATN,,2023-08-13 01:00:00,0.00
ATN,,2023-08-13 02:00:00,0.00
ATN,,2023-08-13 03:00:00,0.00
ATN,,2023-08-13 04:00:00,0.00
ATN,,2023-08-13 05:00:00,0.00
ATN,,2023-08-13 06:00:00,0.00
ATN,,2023-08-13 07:00:00,13.67
ATN,,2023-08-13 08:00:00,97.92
ATN,,2023-08-13 09:00:00,214.92
ATN,,2023-08-13 10:00:00,401.58
ATN,,2023-08-13 11:00:00,528.42
ATN,,2023-08-13 12:00:00,878.42
ATN,,2023-08-13 13:00:00,1175.08
ATN,,2023-08-13 14:00:00,1538.33
ATN,,2023-08-13 15:00:00,1450.50
ATN,,2023-08-13 16:00:00,1328.50
ATN,,2023-08-13 17:00:00,1053.08
ATN,,2023-08-13 18:00:00,711.33
ATN,,2023-08-13 19:00:00,297.67
ATN,,2023-08-13 20:00:00,70.42
ATN,,2023-08-13 21:00:00,0.67
ATN,,2023-08-13 22:00:00,0.00
ATN,,2023-08-13 23:00:00,0.00
ATN,,2023-08-14 00:00:00,0.00
ATN,,2023-08-14 01:00:00,0.00
ATN,,2023-08-14 02:00:00,0.00
ATN,,2023-08-14 03:00:00,0.00
ATN,,2023-08-14 04:00:00,0.00
ATN,,2023-08-14 05:00:00,0.00
ATN,,2023-08-14 06:00:00,0.00
ATN,,2023-08-14 07:00:00,11.25
ATN,,2023-08-14 08:00:00,110.25
ATN,,2023-08-14 09:00:00,398.75
ATN,,2023-08-14 10:00:00,1033.67
ATN,,2023-08-14 11:00:00,1233.33
ATN,,2023-08-14 12:00:00,1505.58
ATN,,2023-08-14 13:00:00,1434.75
ATN,,2023-08-14 14:00:00,1337.92
ATN,,2023-08-14 15:00:00,1519.42
ATN,,2023-08-14 16:00:00,1340.58
ATN,,2023-08-14 17:00:00,1049.08
ATN,,2023-08-14 18:00:00,699.67
ATN,,2023-08-14 19:00:00,400.25
ATN,,2023-08-14 20:00:00,67.17
ATN,,2023-08-14 21:00:00,0.83
ATN,,2023-08-14 22:00:00,0.00
ATN,,2023-08-14 23:00:00,0.00
ATN,,2023-08-15 00:00:00,0.00
ATN,,2023-08-15 01:00:00,0.00
ATN,,2023-08-15 02:00:00,0.00
ATN,,2023-08-15 03:00:00,0.00
ATN,,2023-08-15 04:00:00,0.00
ATN,,2023-08-15 05:00:00,0.00
ATN,,2023-08-15 06:00:00,0.00
ATN,,2023-08-15 07:00:00,6.33
ATN,,2023-08-15 08:00:00,91.75
ATN,,2023-08-15 09:00:00,397.25
ATN,,2023-08-15 10:00:00,556.50
ATN,,2023-08-15 11:00:00,1260.08
ATN,,2023-08-15 12:00:00,1586.83
ATN,,2023-08-15 13:00:00,1673.33
ATN,,2023-08-15 14:00:00,1643.25
ATN,,2023-08-15 15:00:00,1474.92
ATN,,2023-08-15 16:00:00,1257.75
ATN,,2023-08-15 17:00:00,964.42
ATN,,2023-08-15 18:00:00,666.00
ATN,,2023-08-15 19:00:00,352.33
ATN,,2023-08-15 20:00:00,74.17
ATN,,2023-08-15 21:00:00,0.17
ATN,,2023-08-15 22:00:00,0.00
ATN,,2023-08-15 23:00:00,0.00
ATN,,2023-08-16 00:00:00,0.00
ATN,,2023-08-16 01:00:00,0.00
ATN,,2023-08-16 02:00:00,0.00
ATN,,2023-08-16 03:00:00,0.00
ATN,,2023-08-16 04:00:00,0.00
ATN,,2023-08-16 05:00:00,0.00
ATN,,2023-08-16 06:00:00,0.00
ATN,,2023-08-16 07:00:00,15.83
ATN,,2023-08-16 08:00:00,242.58
ATN,,2023-08-16 09:00:00,689.83
ATN,,2023-08-16 10:00:00,965.17
ATN,,2023-08-16 11:00:00,1225.17
ATN,,2023-08-16 12:00:00,1488.83
ATN,,2023-08-16 13:00:00,1564.42
ATN,,2023-08-16 14:00:00,1561.50
ATN,,2023-08-16 15:00:00,1499.08
ATN,,2023-08-16 16:00:00,987.08
ATN,,2023-08-16 17:00:00,799.67
ATN,,2023-08-16 18:00:00,437.42
ATN,,2023-08-16 19:00:00,284.83
ATN,,2023-08-16 20:00:00,62.17
ATN,,2023-08-16 21:00:00,0.08
ATN,,2023-08-16 22:00:00,0.00
ATN,,2023-08-16 23:00:00,0.00
ATN,,2023-08-17 00:00:00,0.00
ATN,,2023-08-17 01:00:00,0.00
ATN,,2023-08-17 02:00:00,0.00
ATN,,2023-08-17 03:00:00,0.00
ATN,,2023-08-17 04:00:00,0.00
ATN,,2023-08-17 05:00:00,0.00
ATN,,2023-08-17 06:00:00,0.00
ATN,,2023-08-17 07:00:00,58.75
ATN,,2023-08-17 08:00:00,305.00
ATN,,2023-08-17 09:00:00,676.17
ATN,,2023-08-17 10:00:00,1051.42
ATN,,2023-08-17 11:00:00,1182.00
ATN,,2023-08-17 12:00:00,1493.58
ATN,,2023-08-17 13:00:00,1494.42
ATN,,2023-08-17 14:00:00,1451.67
ATN,,2023-08-17 15:00:00,1402.92
ATN,,2023-08-17 16:00:00,1117.17
ATN,,2023-08-17 17:00:00,984.75
ATN,,2023-08-17 18:00:00,681.08
ATN,,2023-08-17 19:00:00,314.08
ATN,,2023-08-17 20:00:00,56.42
ATN,,2023-08-17 21:00:00,0.00
ATN,,2023-08-17 22:00:00,0.00
ATN,,2023-08-17 23:00:00,0.00
ATN,,2023-08-18 00:00:00,0.00
ATN,,2023-08-18 01:00:00,0.00
ATN,,2023-08-18 02:00:00,0.00
ATN,,2023-08-18 03:00:00,0.00
ATN,,2023-08-18 04:00:00,0.00
ATN,,2023-08-18 05:00:00,0.00
ATN,,2023-08-18 06:00:00,0.00
ATN,,2023-08-18 07:00:00,40.58
ATN,,2023-08-18 08:00:00,362.17
ATN,,2023-08-18 09:00:00,710.83
ATN,,2023-08-18 10:00:00,857.83
ATN,,2023-08-18 11:00:00,1165.33
ATN,,2023-08-18 12:00:00,1475.00
ATN,,2023-08-18 13:00:00,1539.08
ATN,,2023-08-18 14:00:00,1511.00
ATN,,2023-08-18 15:00:00,1457.42
ATN,,2023-08-18 16:00:00,1223.83
ATN,,2023-08-18 17:00:00,996.50
ATN,,2023-08-18 18:00:00,664.58
ATN,,2023-08-18 19:00:00,197.92
ATN,,2023-08-18 20:00:00,26.75
ATN,,2023-08-18 21:00:00,0.00
ATN,,2023-08-18 22:00:00,0.00
ATN,,2023-08-18 23:00:00,0.00
ATN,,2023-08-19 00:00:00,0.00
ATN,,2023-08-19 01:00:00,0.00
ATN,,2023-08-19 02:00:00,0.00
ATN,,2023-08-19 03:00:00,0.00
ATN,,2023-08-19 04:00:00,0.00
ATN,,2023-08-19 05:00:00,0.00
ATN,,2023-08-19 06:00:00,0.00
ATN,,2023-08-19 07:00:00,61.42
ATN,,2023-08-19 08:00:00,289.58
ATN,,2023-08-19 09:00:00,544.67
ATN,,2023-08-19 10:00:00,1034.92
ATN,,2023-08-19 11:00:00,1317.08
ATN,,2023-08-19 12:00:00,1494.83
ATN,,2023-08-19 13:00:00,1570.08
ATN,,2023-08-19 14:00:00,1544.33
ATN,,2023-08-19 15:00:00,1455.50
ATN,,2023-08-19 16:00:00,1295.08
ATN,,2023-08-19 17:00:00,1017.83
ATN,,2023-08-19 18:00:00,690.58
ATN,,2023-08-19 19:00:00,347.08
ATN,,2023-08-19 20:00:00,43.67
ATN,,2023-08-19 21:00:00,0.00
ATN,,2023-08-19 22:00:00,0.00
ATN,,2023-08-19 23:00:00,0.00
ATN,,2023-08-20 00:00:00,0.00
ATN,,2023-08-20 01:00:00,0.00
ATN,,2023-08-20 02:00:00,0.00
ATN,,2023-08-20 03:00:00,0.00
ATN,,2023-08-20 04:00:00,0.00
ATN,,2023-08-20 05:00:00,0.00
ATN,,2023-08-20 06:00:00,0.00
ATN,,2023-08-20 07:00:00,32.67
ATN,,2023-08-20 08:00:00,281.83
ATN,,2023-08-20 09:00:00,677.67
ATN,,2023-08-20 10:00:00,1040.58
ATN,,2023-08-20 11:00:00,1316.83
ATN,,2023-08-20 12:00:00,1510.58
ATN,,2023-08-20 13:00:00,1566.00
ATN,,2023-08-20 14:00:00,1541.00
ATN,,2023-08-20 15:00:00,1439.92
ATN,,2023-08-20 16:00:00,1273.58
ATN,,2023-08-20 17:00:00,992.08
ATN,,2023-08-20 18:00:00,644.00
ATN,,2023-08-20 19:00:00,287.25
ATN,,2023-08-20 20:00:00,40.08
ATN,,2023-08-20 21:00:00,0.00
ATN,,2023-08-20 22:00:00,0.00
ATN,,2023-08-20 23:00:00,0.00
ATN,,2023-08-21 00:00:00,0.00
ATN,,2023-08-21 01:00:00,0.00
ATN,,2023-08-21 02:00:00,0.00
ATN,,2023-08-21 03:00:00,0.00
ATN,,2023-08-21 04:00:00,0.00
ATN,,2023-08-21 05:00:00,0.00
ATN,,2023-08-21 06:00:00,0.00
ATN,,2023-08-21 07:00:00,33.08
ATN,,2023-08-21 08:00:00,289.25
ATN,,2023-08-21 09:00:00,661.25
ATN,,2023-08-21 10:00:00,1029.17
ATN,,2023-08-21 11:00:00,1301.58
ATN,,2023-08-21 12:00:00,1479.83
ATN,,2023-08-21 13:00:00,1537.17
ATN,,2023-08-21 14:00:00,1506.50
ATN,,2023-08-21 15:00:00,1416.17
ATN,,2023-08-21 16:00:00,1242.42
ATN,,2023-08-21 17:00:00,959.67
ATN,,2023-08-21 18:00:00,617.50
ATN,,2023-08-21 19:00:00,273.25
ATN,,2023-08-21 20:00:00,37.58
ATN,,2023-08-21 21:00:00,0.00
ATN,,2023-08-21 22:00:00,0.00
ATN,,2023-08-21 23:00:00,0.00
ATN,,2023-08-22 00:00:00,0.00
ATN,,2023-08-22 01:00:00,0.00
ATN,,2023-08-22 02:00:00,0.00
ATN,,2023-08-22 03:00:00,0.00
ATN,,2023-08-22 04:00:00,0.00
ATN,,2023-08-22 05:00:00,0.00
ATN,,2023-08-22 06:00:00,0.00
ATN,,2023-08-22 07:00:00,32.00
ATN,,2023-08-22 08:00:00,274.00
ATN,,2023-08-22 09:00:00,642.50
ATN,,2023-08-22 10:00:00,1009.92
ATN,,2023-08-22 11:00:00,1282.00
ATN,,2023-08-22 12:00:00,1457.33
ATN,,2023-08-22 13:00:00,1524.58
ATN,,2023-08-22 14:00:00,1493.75
ATN,,2023-08-22 15:00:00,1392.75
ATN,,2023-08-22 16:00:00,1212.08
ATN,,2023-08-22 17:00:00,927.17
ATN,,2023-08-22 18:00:00,594.67
ATN,,2023-08-22 19:00:00,260.75
ATN,,2023-08-22 20:00:00,34.92
ATN,,2023-08-22 21:00:00,0.00
ATN,,2023-08-22 22:00:00,0.00
ATN,,2023-08-22 23:00:00,0.00
ATN,,2023-08-23 00:00:00,0.00
ATN,,2023-08-23 01:00:00,0.00
ATN,,2023-08-23 02:00:00,0.00
ATN,,2023-08-23 03:00:00,0.00
ATN,,2023-08-23 04:00:00,0.00
ATN,,2023-08-23 05:00:00,0.00
ATN,,2023-08-23 06:00:00,0.00
ATN,,2023-08-23 07:00:00,34.75
ATN,,2023-08-23 08:00:00,270.33
ATN,,2023-08-23 09:00:00,628.50
ATN,,2023-08-23 10:00:00,987.42
ATN,,2023-08-23 11:00:00,1265.58
ATN,,2023-08-23 12:00:00,1443.50
ATN,,2023-08-23 13:00:00,1498.58
ATN,,2023-08-23 14:00:00,1468.83
ATN,,2023-08-23 15:00:00,1384.00
ATN,,2023-08-23 16:00:00,1213.50
ATN,,2023-08-23 17:00:00,938.42
ATN,,2023-08-23 18:00:00,583.33
ATN,,2023-08-23 19:00:00,254.50
ATN,,2023-08-23 20:00:00,32.42
ATN,,2023-08-23 21:00:00,0.00
ATN,,2023-08-23 22:00:00,0.00
ATN,,2023-08-23 23:00:00,0.00
ATN,,2023-08-24 00:00:00,0.00
ATN,,2023-08-24 01:00:00,0.00
ATN,,2023-08-24 02:00:00,0.00
ATN,,2023-08-24 03:00:00,0.00
ATN,,2023-08-24 04:00:00,0.00
ATN,,2023-08-24 05:00:00,0.00
ATN,,2023-08-24 06:00:00,0.00
ATN,,2023-08-24 07:00:00,29.75
ATN,,2023-08-24 08:00:00,260.75
ATN,,2023-08-24 09:00:00,631.67
ATN,,2023-08-24 10:00:00,999.25
ATN,,2023-08-24 11:00:00,1272.50
ATN,,2023-08-24 12:00:00,1450.17
ATN,,2023-08-24 13:00:00,1498.42
ATN,,2023-08-24 14:00:00,1471.67
ATN,,2023-08-24 15:00:00,1396.92
ATN,,2023-08-24 16:00:00,1208.58
ATN,,2023-08-24 17:00:00,910.75
ATN,,2023-08-24 18:00:00,573.75
ATN,,2023-08-24 19:00:00,119.92
ATN,,2023-08-24 20:00:00,43.25
ATN,,2023-08-24 21:00:00,0.00
ATN,,2023-08-24 22:00:00,0.00
ATN,,2023-08-24 23:00:00,0.00
ATN,,2023-08-25 00:00:00,0.00
ATN,,2023-08-25 01:00:00,0.00
ATN,,2023-08-25 02:00:00,0.00
ATN,,2023-08-25 03:00:00,0.00
ATN,,2023-08-25 04:00:00,0.00
ATN,,2023-08-25 05:00:00,0.00
ATN,,2023-08-25 06:00:00,0.00
ATN,,2023-08-25 07:00:00,3.00
ATN,,2023-08-25 08:00:00,78.58
ATN,,2023-08-25 09:00:00,172.00
ATN,,2023-08-25 10:00:00,319.08
ATN,,2023-08-25 11:00:00,942.83
ATN,,2023-08-25 12:00:00,954.42
ATN,,2023-08-25 13:00:00,563.33
ATN,,2023-08-25 14:00:00,656.25
ATN,,2023-08-25 15:00:00,758.50
ATN,,2023-08-25 16:00:00,925.58
ATN,,2023-08-25 17:00:00,1046.08
ATN,,2023-08-25 18:00:00,659.33
ATN,,2023-08-25 19:00:00,245.67
ATN,,2023-08-25 20:00:00,27.00
ATN,,2023-08-25 21:00:00,0.00
ATN,,2023-08-25 22:00:00,0.00
ATN,,2023-08-25 23:00:00,0.00
ATN,,2023-08-26 00:00:00,0.00
ATN,,2023-08-26 01:00:00,0.00
ATN,,2023-08-26 02:00:00,0.00
ATN,,2023-08-26 03:00:00,0.00
ATN,,2023-08-26 04:00:00,0.00
ATN,,2023-08-26 05:00:00,0.00
ATN,,2023-08-26 06:00:00,0.00
ATN,,2023-08-26 07:00:00,7.50
ATN,,2023-08-26 08:00:00,94.33
ATN,,2023-08-26 09:00:00,266.33
ATN,,2023-08-26 10:00:00,618.83
ATN,,2023-08-26 11:00:00,1002.58
ATN,,2023-08-26 12:00:00,1095.17
ATN,,2023-08-26 13:00:00,833.17
ATN,,2023-08-26 14:00:00,982.50
ATN,,2023-08-26 15:00:00,1401.50
ATN,,2023-08-26 16:00:00,796.00
ATN,,2023-08-26 17:00:00,346.17
ATN,,2023-08-26 18:00:00,124.33
ATN,,2023-08-26 19:00:00,85.08
ATN,,2023-08-26 20:00:00,5.67
ATN,,2023-08-26 21:00:00,0.00
ATN,,2023-08-26 22:00:00,0.00
ATN,,2023-08-26 23:00:00,0.00
ATN,,2023-08-27 00:00:00,0.00
ATN,,2023-08-27 01:00:00,0.00
ATN,,2023-08-27 02:00:00,0.00
ATN,,2023-08-27 03:00:00,0.00
ATN,,2023-08-27 04:00:00,0.00
ATN,,2023-08-27 05:00:00,0.00
ATN,,2023-08-27 06:00:00,0.00
ATN,,2023-08-27 07:00:00,14.00
ATN,,2023-08-27 08:00:00,154.25
ATN,,2023-08-27 09:00:00,359.50
ATN,,2023-08-27 10:00:00,1039.33
ATN,,2023-08-27 11:00:00,1100.83
ATN,,2023-08-27 12:00:00,868.33
ATN,,2023-08-27 13:00:00,1352.50
ATN,,2023-08-27 14:00:00,1403.17
ATN,,2023-08-27 15:00:00,1366.33
ATN,,2023-08-27 16:00:00,1278.75
ATN,,2023-08-27 17:00:00,630.17
ATN,,2023-08-27 18:00:00,262.58
ATN,,2023-08-27 19:00:00,254.25
ATN,,2023-08-27 20:00:00,39.00
ATN,,2023-08-27 21:00:00,0.00
ATN,,2023-08-27 22:00:00,0.00
ATN,,2023-08-27 23:00:00,0.00
ATN,,2023-08-28 00:00:00,0.00
ATN,,2023-08-28 01:00:00,0.00
ATN,,2023-08-28 02:00:00,0.00
ATN,,2023-08-28 03:00:00,0.00
ATN,,2023-08-28 04:00:00,0.00
ATN,,2023-08-28 05:00:00,0.00
ATN,,2023-08-28 06:00:00,0.00
ATN,,2023-08-28 07:00:00,4.83
ATN,,2023-08-28 08:00:00,111.92
ATN,,2023-08-28 09:00:00,312.33
ATN,,2023-08-28 10:00:00,603.58
ATN,,2023-08-28 11:00:00,882.67
ATN,,2023-08-28 12:00:00,1351.67
ATN,,2023-08-28 13:00:00,1383.75
ATN,,2023-08-28 14:00:00,1579.08
ATN,,2023-08-28 15:00:00,1453.17
ATN,,2023-08-28 16:00:00,1074.25
ATN,,2023-08-28 17:00:00,990.58
ATN,,2023-08-28 18:00:00,571.08
ATN,,2023-08-28 19:00:00,242.17
ATN,,2023-08-28 20:00:00,23.50
ATN,,2023-08-28 21:00:00,0.00
ATN,,2023-08-28 22:00:00,0.00
ATN,,2023-08-28 23:00:00,0.00
ATN,,2023-08-29 00:00:00,0.00
ATN,,2023-08-29 01:00:00,0.00
ATN,,2023-08-29 02:00:00,0.00
ATN,,2023-08-29 03:00:00,0.00
ATN,,2023-08-29 04:00:00,0.00
ATN,,2023-08-29 05:00:00,0.00
ATN,,2023-08-29 06:00:00,0.00
ATN,,2023-08-29 07:00:00,24.17
ATN,,2023-08-29 08:00:00,223.17
ATN,,2023-08-29 09:00:00,663.58
ATN,,2023-08-29 10:00:00,906.67
ATN,,2023-08-29 11:00:00,718.67
ATN,,2023-08-29 12:00:00,1187.75
ATN,,2023-08-29 13:00:00,1025.08
ATN,,2023-08-29 14:00:00,932.33
ATN,,2023-08-29 15:00:00,1022.58
ATN,,2023-08-29 16:00:00,625.67
ATN,,2023-08-29 17:00:00,506.67
ATN,,2023-08-29 18:00:00,367.83
ATN,,2023-08-29 19:00:00,157.25
ATN,,2023-08-29 20:00:00,18.08
ATN,,2023-08-29 21:00:00,0.00
ATN,,2023-08-29 22:00:00,0.00
ATN,,2023-08-29 23:00:00,0.00
ATN,,2023-08-30 00:00:00,0.00
ATN,,2023-08-30 01:00:00,0.00
ATN,,2023-08-30 02:00:00,0.00
ATN,,2023-08-30 03:00:00,0.00
ATN,,2023-08-30 04:00:00,0.00
ATN,,2023-08-30 05:00:00,0.00
ATN,,2023-08-30 06:00:00,0.00
ATN,,2023-08-30 07:00:00,12.58
ATN,,2023-08-30 08:00:00,159.58
ATN,,2023-08-30 09:00:00,434.67
ATN,,2023-08-30 10:00:00,715.83
ATN,,2023-08-30 11:00:00,429.67
ATN,,2023-08-30 12:00:00,1435.67
ATN,,2023-08-30 13:00:00,1570.58
ATN,,2023-08-30 14:00:00,1275.50
ATN,,2023-08-30 15:00:00,791.25
ATN,,2023-08-30 16:00:00,603.17
ATN,,2023-08-30 17:00:00,418.58
ATN,,2023-08-30 18:00:00,228.50
ATN,,2023-08-30 19:00:00,108.83
ATN,,2023-08-30 20:00:00,13.75
ATN,,2023-08-30 21:00:00,0.00
ATN,,2023-08-30 22:00:00,0.00
ATN,,2023-08-30 23:00:00,0.00
ATN,,2023-08-31 00:00:00,0.00
ATN,,2023-08-31 01:00:00,0.00
ATN,,2023-08-31 02:00:00,0.00
ATN,,2023-08-31 03:00:00,0.00
ATN,,2023-08-31 04:00:00,0.00
ATN,,2023-08-31 05:00:00,0.00
ATN,,2023-08-31 06:00:00,0.00
ATN,,2023-08-31 07:00:00,15.25
ATN,,2023-08-31 08:00:00,221.58
ATN,,2023-08-31 09:00:00,629.00
ATN,,2023-08-31 10:00:00,1050.42
ATN,,2023-08-31 11:00:00,1217.92
ATN,,2023-08-31 12:00:00,1410.50
ATN,,2023-08-31 13:00:00,1228.17
ATN,,2023-08-31 14:00:00,786.25
ATN,,2023-08-31 15:00:00,687.42
ATN,,2023-08-31 16:00:00,397.17
ATN,,2023-08-31 17:00:00,304.42
ATN,,2023-08-31 18:00:00,136.75
ATN,,2023-08-31 19:00:00,218.75
ATN,,2023-08-31 20:00:00,14.67
ATN,,2023-08-31 21:00:00,0.00
ATN,,2023-08-31 22:00:00,0.00
ATN,,2023-08-31 23:00:00,0.00
ATN,,2023-09-01 00:00:00,0.00
ATN,,2023-09-01 01:00:00,0.00
ATN,,2023-09-01 02:00:00,0.00
ATN,,2023-09-01 03:00:00,0.00
ATN,,2023-09-01 04:00:00,0.00
ATN,,2023-09-01 05:00:00,0.00
ATN,,2023-09-01 06:00:00,0.00
ATN,,2023-09-01 07:00:00,9.58
ATN,,2023-09-01 08:00:00,173.00
ATN,,2023-09-01 09:00:00,630.67
ATN,,2023-09-01 10:00:00,1024.08
ATN,,2023-09-01 11:00:00,1315.08
ATN,,2023-09-01 12:00:00,1515.58
ATN,,2023-09-01 13:00:00,1584.58
ATN,,2023-09-01 14:00:00,1554.08
ATN,,2023-09-01 15:00:00,1430.00
ATN,,2023-09-01 16:00:00,1212.58
ATN,,2023-09-01 17:00:00,918.00
ATN,,2023-09-01 18:00:00,572.17
ATN,,2023-09-01 19:00:00,170.17
ATN,,2023-09-01 20:00:00,17.25
ATN,,2023-09-01 21:00:00,0.00
ATN,,2023-09-01 22:00:00,0.00
ATN,,2023-09-01 23:00:00,0.00
ATN,,2023-09-02 00:00:00,0.00
ATN,,2023-09-02 01:00:00,0.00
ATN,,2023-09-02 02:00:00,0.00
ATN,,2023-09-02 03:00:00,0.00
ATN,,2023-09-02 04:00:00,0.00
ATN,,2023-09-02 05:00:00,0.00
ATN,,2023-09-02 06:00:00,0.00
ATN,,2023-09-02 07:00:00,5.42
ATN,,2023-09-02 08:00:00,252.67
ATN,,2023-09-02 09:00:00,663.17
ATN,,2023-09-02 10:00:00,673.00
ATN,,2023-09-02 11:00:00,1185.92
ATN,,2023-09-02 12:00:00,1327.08
ATN,,2023-09-02 13:00:00,945.00
ATN,,2023-09-02 14:00:00,704.58
ATN,,2023-09-02 15:00:00,832.50
ATN,,2023-09-02 16:00:00,742.00
ATN,,2023-09-02 17:00:00,563.42
ATN,,2023-09-02 18:00:00,221.00
ATN,,2023-09-02 19:00:00,82.00
ATN,,2023-09-02 20:00:00,5.67
ATN,,2023-09-02 21:00:00,0.00
ATN,,2023-09-02 22:00:00,0.00
ATN,,2023-09-02 23:00:00,0.00
ATN,,2023-09-03 00:00:00,0.00
ATN,,2023-09-03 01:00:00,0.00
ATN,,2023-09-03 02:00:00,0.00
ATN,,2023-09-03 03:00:00,0.00
ATN,,2023-09-03 04:00:00,0.00
ATN,,2023-09-03 05:00:00,0.00
ATN,,2023-09-03 06:00:00,0.00
ATN,,2023-09-03 07:00:00,14.25
ATN,,2023-09-03 08:00:00,148.67
ATN,,2023-09-03 09:00:00,398.50
ATN,,2023-09-03 10:00:00,770.25
ATN,,2023-09-03 11:00:00,1304.67
ATN,,2023-09-03 12:00:00,1291.50
ATN,,2023-09-03 13:00:00,1191.33
ATN,,2023-09-03 14:00:00,1474.83
ATN,,2023-09-03 15:00:00,1395.08
ATN,,2023-09-03 16:00:00,1139.50
ATN,,2023-09-03 17:00:00,607.58
ATN,,2023-09-03 18:00:00,523.42
ATN,,2023-09-03 19:00:00,231.17
ATN,,2023-09-03 20:00:00,21.67
ATN,,2023-09-03 21:00:00,0.00
ATN,,2023-09-03 22:00:00,0.00
ATN,,2023-09-03 23:00:00,0.00
ATN,,2023-09-04 00:00:00,0.00
ATN,,2023-09-04 01:00:00,0.00
ATN,,2023-09-04 02:00:00,0.00
ATN,,2023-09-04 03:00:00,0.00
ATN,,2023-09-04 04:00:00,0.00
ATN,,2023-09-04 05:00:00,0.00
ATN,,2023-09-04 06:00:00,0.00
ATN,,2023-09-04 07:00:00,23.58
ATN,,2023-09-04 08:00:00,215.92
ATN,,2023-09-04 09:00:00,481.75
ATN,,2023-09-04 10:00:00,738.92
ATN,,2023-09-04 11:00:00,1015.00
ATN,,2023-09-04 12:00:00,1239.25
ATN,,2023-09-04 13:00:00,1338.17
ATN,,2023-09-04 14:00:00,1340.67
ATN,,2023-09-04 15:00:00,1233.58
ATN,,2023-09-04 16:00:00,1011.08
ATN,,2023-09-04 17:00:00,768.67
ATN,,2023-09-04 18:00:00,449.67
ATN,,2023-09-04 19:00:00,158.50
ATN,,2023-09-04 20:00:00,9.58
ATN,,2023-09-04 21:00:00,0.00
ATN,,2023-09-04 22:00:00,0.00
ATN,,2023-09-04 23:00:00,0.00
ATN,,2023-09-05 00:00:00,0.00
ATN,,2023-09-05 01:00:00,0.00
ATN,,2023-09-05 02:00:00,0.00
ATN,,2023-09-05 03:00:00,0.00
ATN,,2023-09-05 04:00:00,0.00
ATN,,2023-09-05 05:00:00,0.00
ATN,,2023-09-05 06:00:00,0.00
ATN,,2023-09-05 07:00:00,13.58
ATN,,2023-09-05 08:00:00,168.33
ATN,,2023-09-05 09:00:00,444.17
ATN,,2023-09-05 10:00:00,758.75
ATN,,2023-09-05 11:00:00,1057.33
ATN,,2023-09-05 12:00:00,1283.67
ATN,,2023-09-05 13:00:00,1408.67
ATN,,2023-09-05 14:00:00,1414.58
ATN,,2023-09-05 15:00:00,1322.42
ATN,,2023-09-05 16:00:00,1120.08
ATN,,2023-09-05 17:00:00,825.42
ATN,,2023-09-05 18:00:00,509.42
ATN,,2023-09-05 19:00:00,221.25
ATN,,2023-09-05 20:00:00,20.92
ATN,,2023-09-05 21:00:00,0.00
ATN,,2023-09-05 22:00:00,0.00
ATN,,2023-09-05 23:00:00,0.00
ATN,,2023-09-06 00:00:00,0.00
ATN,,2023-09-06 01:00:00,0.00
ATN,,2023-09-06 02:00:00,0.00
ATN,,2023-09-06 03:00:00,0.00
ATN,,2023-09-06 04:00:00,0.00
ATN,,2023-09-06 05:00:00,0.00
ATN,,2023-09-06 06:00:00,0.00
ATN,,2023-09-06 07:00:00,9.08
ATN,,2023-09-06 08:00:00,141.33
ATN,,2023-09-06 09:00:00,380.92
ATN,,2023-09-06 10:00:00,761.67
ATN,,2023-09-06 11:00:00,1102.67
ATN,,2023-09-06 12:00:00,1261.08
ATN,,2023-09-06 13:00:00,1380.00
ATN,,2023-09-06 14:00:00,850.17
ATN,,2023-09-06 15:00:00,1163.08
ATN,,2023-09-06 16:00:00,1025.83
ATN,,2023-09-06 17:00:00,735.50
ATN,,2023-09-06 18:00:00,417.58
ATN,,2023-09-06 19:00:00,130.75
ATN,,2023-09-06 20:00:00,6.67
ATN,,2023-09-06 21:00:00,0.00
ATN,,2023-09-06 22:00:00,0.00
ATN,,2023-09-06 23:00:00,0.00
ATN,,2023-09-07 00:00:00,0.00
ATN,,2023-09-07 01:00:00,0.00
ATN,,2023-09-07 02:00:00,0.00
ATN,,2023-09-07 03:00:00,0.00
ATN,,2023-09-07 04:00:00,0.00
ATN,,2023-09-07 05:00:00,0.00
ATN,,2023-09-07 06:00:00,0.00
ATN,,2023-09-07 07:00:00,19.92
ATN,,2023-09-07 08:00:00,208.50
ATN,,2023-09-07 09:00:00,553.00
ATN,,2023-09-07 10:00:00,924.17
ATN,,2023-09-07 11:00:00,1210.92
ATN,,2023-09-07 12:00:00,1391.00
ATN,,2023-09-07 13:00:00,1467.58
ATN,,2023-09-07 14:00:00,1368.17
ATN,,2023-09-07 15:00:00,1101.50
ATN,,2023-09-07 16:00:00,1031.58
ATN,,2023-09-07 17:00:00,575.17
ATN,,2023-09-07 18:00:00,168.50
ATN,,2023-09-07 19:00:00,106.92
ATN,,2023-09-07 20:00:00,7.33
ATN,,2023-09-07 21:00:00,0.00
ATN,,2023-09-07 22:00:00,0.00
ATN,,2023-09-07 23:00:00,0.00
ATN,,2023-09-08 00:00:00,0.00
ATN,,2023-09-08 01:00:00,0.00
ATN,,2023-09-08 02:00:00,0.00
ATN,,2023-09-08 03:00:00,0.00
ATN,,2023-09-08 04:00:00,0.00
ATN,,2023-09-08 05:00:00,0.00
ATN,,2023-09-08 06:00:00,0.00
ATN,,2023-09-08 07:00:00,18.42
ATN,,2023-09-08 08:00:00,117.00
ATN,,2023-09-08 09:00:00,508.08
ATN,,2023-09-08 10:00:00,871.50
ATN,,2023-09-08 11:00:00,1205.17
ATN,,2023-09-08 12:00:00,1421.92
ATN,,2023-09-08 13:00:00,1478.17
ATN,,2023-09-08 14:00:00,1352.25
ATN,,2023-09-08 15:00:00,1308.08
ATN,,2023-09-08 16:00:00,1104.25
ATN,,2023-09-08 17:00:00,785.33
ATN,,2023-09-08 18:00:00,436.33
ATN,,2023-09-08 19:00:00,132.83
ATN,,2023-09-08 20:00:00,5.75
ATN,,2023-09-08 21:00:00,0.00
ATN,,2023-09-08 22:00:00,0.00
ATN,,2023-09-08 23:00:00,0.00
ATN,,2023-09-09 00:00:00,0.00
ATN,,2023-09-09 01:00:00,0.00
ATN,,2023-09-09 02:00:00,0.00
ATN,,2023-09-09 03:00:00,0.00
ATN,,2023-09-09 04:00:00,0.00
ATN,,2023-09-09 05:00:00,0.00
ATN,,2023-09-09 06:00:00,0.00
ATN,,2023-09-09 07:00:00,11.08
ATN,,2023-09-09 08:00:00,177.42
ATN,,2023-09-09 09:00:00,541.58
ATN,,2023-09-09 10:00:00,930.75
ATN,,2023-09-09 11:00:00,1228.58
ATN,,2023-09-09 12:00:00,1422.08
ATN,,2023-09-09 13:00:00,1479.92
ATN,,2023-09-09 14:00:00,1437.50
ATN,,2023-09-09 15:00:00,1323.67
ATN,,2023-09-09 16:00:00,1104.00
ATN,,2023-09-09 17:00:00,757.67
ATN,,2023-09-09 18:00:00,451.33
ATN,,2023-09-09 19:00:00,115.58
ATN,,2023-09-09 20:00:00,3.25
ATN,,2023-09-09 21:00:00,0.00
ATN,,2023-09-09 22:00:00,0.00
ATN,,2023-09-09 23:00:00,0.00
ATN,,2023-09-10 00:00:00,0.00
ATN,,2023-09-10 01:00:00,0.00
ATN,,2023-09-10 02:00:00,0.00
ATN,,2023-09-10 03:00:00,0.00
ATN,,2023-09-10 04:00:00,0.00
ATN,,2023-09-10 05:00:00,0.00
ATN,,2023-09-10 06:00:00,0.00
ATN,,2023-09-10 07:00:00,10.17
ATN,,2023-09-10 08:00:00,154.25
ATN,,2023-09-10 09:00:00,444.42
ATN,,2023-09-10 10:00:00,906.00
ATN,,2023-09-10 11:00:00,1201.33
ATN,,2023-09-10 12:00:00,1390.33
ATN,,2023-09-10 13:00:00,1464.92
ATN,,2023-09-10 14:00:00,1417.58
ATN,,2023-09-10 15:00:00,1268.25
ATN,,2023-09-10 16:00:00,805.08
ATN,,2023-09-10 17:00:00,697.00
ATN,,2023-09-10 18:00:00,333.25
ATN,,2023-09-10 19:00:00,84.75
ATN,,2023-09-10 20:00:00,3.58
ATN,,2023-09-10 21:00:00,0.00
ATN,,2023-09-10 22:00:00,0.00
ATN,,2023-09-10 23:00:00,0.00
ATN,,2023-09-11 00:00:00,0.00
ATN,,2023-09-11 01:00:00,0.00
ATN,,2023-09-11 02:00:00,0.00
ATN,,2023-09-11 03:00:00,0.00
ATN,,2023-09-11 04:00:00,0.00
ATN,,2023-09-11 05:00:00,0.00
ATN,,2023-09-11 06:00:00,0.00
ATN,,2023-09-11 07:00:00,6.17
ATN,,2023-09-11 08:00:00,159.92
ATN,,2023-09-11 09:00:00,519.25
ATN,,2023-09-11 10:00:00,872.17
ATN,,2023-09-11 11:00:00,1112.67
ATN,,2023-09-11 12:00:00,1448.83
ATN,,2023-09-11 13:00:00,1467.92
ATN,,2023-09-11 14:00:00,1343.67
ATN,,2023-09-11 15:00:00,1288.25
ATN,,2023-09-11 16:00:00,1077.83
ATN,,2023-09-11 17:00:00,737.08
ATN,,2023-09-11 18:00:00,406.17
ATN,,2023-09-11 19:00:00,76.75
ATN,,2023-09-11 20:00:00,0.00
ATN,,2023-09-11 21:00:00,0.00
ATN,,2023-09-11 22:00:00,0.00
ATN,,2023-09-11 23:00:00,0.00
ATN,,2023-09-12 00:00:00,0.00
ATN,,2023-09-12 01:00:00,0.00
ATN,,2023-09-12 02:00:00,0.00
ATN,,2023-09-12 03:00:00,0.00
ATN,,2023-09-12 04:00:00,0.00
ATN,,2023-09-12 05:00:00,0.00
ATN,,2023-09-12 06:00:00,0.00
ATN,,2023-09-12 07:00:00,0.00
ATN,,2023-09-12 08:00:00,11.42
ATN,,2023-09-12 09:00:00,104.00
ATN,,2023-09-12 10:00:00,180.75
ATN,,2023-09-12 11:00:00,760.75
ATN,,2023-09-12 12:00:00,384.67
ATN,,2023-09-12 13:00:00,842.17
ATN,,2023-09-12 14:00:00,1151.08
ATN,,2023-09-12 15:00:00,196.58
ATN,,2023-09-12 16:00:00,516.75
ATN,,2023-09-12 17:00:00,460.42
ATN,,2023-09-12 18:00:00,161.08
ATN,,2023-09-12 19:00:00,43.67
ATN,,2023-09-12 20:00:00,0.00
ATN,,2023-09-12 21:00:00,0.00
ATN,,2023-09-12 22:00:00,0.00
ATN,,2023-09-12 23:00:00,0.00
ATN,,2023-09-13 00:00:00,0.00
ATN,,2023-09-13 01:00:00,0.00
ATN,,2023-09-13 02:00:00,0.00
ATN,,2023-09-13 03:00:00,0.00
ATN,,2023-09-13 04:00:00,0.00
ATN,,2023-09-13 05:00:00,0.00
ATN,,2023-09-13 06:00:00,0.00
ATN,,2023-09-13 07:00:00,0.25
ATN,,2023-09-13 08:00:00,66.42
ATN,,2023-09-13 09:00:00,179.50
ATN,,2023-09-13 10:00:00,808.25
ATN,,2023-09-13 11:00:00,900.00
ATN,,2023-09-13 12:00:00,1340.75
ATN,,2023-09-13 13:00:00,1502.58
ATN,,2023-09-13 14:00:00,1478.83
ATN,,2023-09-13 15:00:00,888.58
ATN,,2023-09-13 16:00:00,0.00
ATN,,2023-09-13 17:00:00,0.00
ATN,,2023-09-13 18:00:00,0.00
ATN,,2023-09-13 19:00:00,0.00
ATN,,2023-09-13 20:00:00,0.00
ATN,,2023-09-13 21:00:00,0.00
ATN,,2023-09-13 22:00:00,0.00
ATN,,2023-09-13 23:00:00,0.00
